Word,Count
Jucá,4
Meirelles,63
candidato,121
MDB,91
Eleições2018,15
ex,9
ministro,22
julho,2
data,2
prevista,1
nacional,16
conseguir,8
reunir,1
diretórios,3
estaduais,3
partido,89
reunião,5
Executiva,3
terça,2
feira,13
jul,2
manter,7
candidatura,28
continuará,3
costura,1
torno,2
corrida,6
Planalto,11
porra,10
precisa,31
cara,65
bilionário,2
Temer,69
banqueiro,15
carreira,8
membro,5
governo,110
apoiado,3
PSDB,43
pretende,8
crescer,9
campanha,80
colando,1
imagem,1
Lula,104
tenta,7
mentiu,1
votar,56
política,33
toma,4
agindo,2
bastidores,2
veme,1
santo,12
carregará,1
roubando,2
dinheiro,33
público,17
gravando,1
comercial,2
falar,32
salvou,6
economia,86
lembra,4
país,92
segue,9
Estagnado,1
vídeo,12
ataca,6
Ciro,16
Bolsonaro,133
Marina,20
Alckmin,59
negaria,1
voto,84
homem,21
carisma,5
cabe,1
foto,14
Sr,35
turma,7
maconha,1
Independente,7
mídia,21
descartando,1
legalização,2
Vazei,1
Tocantins,5
entusiasmo,1
Amanhã,5
agenda,10
Brasília,3
Belém,8
frente,22
ChamaOMeirelles,161
participar,3
diálogo,9
pré,15
promovido,5
Confederação,1
indústria,5
acompanhar,5
VIVO,8
perfil,11
sociais,7
ginga,1
brasileiro,57
Ritmo,1
contagia,1
precisamos,14
acreditar,7
alguém,32
diferença,16
fizemos,1
problema,47
apoiadores,2
bancada,9
Congresso,19
tb,6
importa,5
acima,7
média,4
covardia,2
sai,13
kkkkk,15
velha,5
espaço,6
Dias,5
atuais,2
sentir,1
pena,14
ja,10
chamar,18
Caralho,2
arrumar,3
votinhos,1
Meireles,14
consegue,9
tosco,1
engenheiro,7
profissional,7
preparado,13
gerenciar,1
dormir,4
aparece,5
propaganda,11
instagram,2
puta,4
repara,1
carinha,2
satisfação,1
futuro,11
nenhum,24
colar,5
gravar,1
destacando,1
presidente,106
Banco,6
Central,1
Meireilles,1
vinculação,1
vista,5
trunfo,1
Sorriso,2
espontâneo,1
acompanhado,1
honroso,1
governador,8
sacaneando,1
Temporada,1
caça,3
pobre,8
Oloko,1
td,3
metralhadora,1
presidenciável,11
APROVEITOU,1
DANÇOU,1
DANÇARÁ,1
Hahaha,6
técnico,9
altíssimo,1
querendo,13
popular,2
lembrou,3
nerds,1
baladas,1
dó,2
Executou,1
triunvirato,1
marketeiro,2
beijou,1
criança,11
ranhenta,1
abraçou,2
poço,5
simpatia,3
encontro,10
Campinas,4
liderado,1
amigo,28
Paulo,15
Skaf,2
noção,2
gente,47
chato,6
Deus,12
livre,7
senhor,58
inspiradora,1
história,25
Bozo,14
começa,4
surgir,1
politica,11
Copa2018,2
inteligente,4
acredita,16
patrão,2
remexendo,1
ne,3
quartos,1
Calma,4
populismo,15
melhor,72
dizendo,9
Parabéns,19
Eh,5
Adm,2
entrou,4
descer,1
lenha,1
invés,6
mostrar,9
plano,10
elege,2
síndico,2
Qto,1
moça,3
ganhou,8
afirmo,2
cogitam,1
Brasil,195
fácil,16
difícil,16
Atah,1
bancando,3
correndo,5
sonho,9
usando,5
bolso,16
inédita,2
surpresa,1
ruim,3
Bora,15
Carta,2
jámorreu,1
preula,1
kkk,9
CNI,16
apresentou,2
assessoria,4
oportunidade,8
discuti,1
la,3
ouviremos,1
Participarão,1
José,3
Augusto,1
Fernandes,1
ENAI2018,2
secreto,2
dei,3
opinião,10
respeito,15
Putz,4
vergonha,12
EunicioSafado,1
pior,23
câncer,2
pro,39
Gostei,3
jovem,5
sabatina,12
ficar,19
amarrado,1
múmias,1
poderia,12
nele,6
confio,3
esquerdopata,8
Chama,29
Doria,5
racha,1
Minas,6
continuar,18
Continue,5
chamando,3
Geraldo,6
descartou,1
possibilidade,5
aliança,6
dispute,1
eleição,35
vice,20
chapa,8
tucano,3
pensando,5
estacionou,1
Ferrari,2
sol,1
beque,1
encruzilhada,1
dando,6
traço,2
Ibope,8
fico,7
boçal,1
esquerda,44
delirante,1
abriu,1
sarcófago,1
Concordo,16
PT,56
JBS,22
cv,1
comprada,1
bolsa,2
rs,11
milhões,13
desempregados,2
equivale,1
aguardando,1
crescimento,11
reforma,39
trabalhista,2
conforme,1
anunciou,3
firmeza,1
cheguei,6
fase,4
vida,21
objetivo,4
move,1
servir,8
interessa,4
preciso,10
deixe,7
eternamente,1
presente,8
dignidade,2
fiscal,16
cu,13
Vo,1
hein,13
Sincerão,1
Derruba,2
MeirellesPresidente,5
BolsaStandUP,1
afiado,2
verdades,3
MeirellesSincerão,3
vota,14
votará,1
devia,6
visto,4
medo,12
Renan,3
Barbalho,2
fina,1
idônea,2
Partidaço,1
ficou,9
foooooooda,1
Topzera,1
podemos,13
brincar,1
decisivo,2
tornar,3
potência,1
voltar,7
miséria,1
desgaste,1
acordou,2
Meirelles2018,4
escolhi,2
fundamento,2
diminuir,7
necessárias,3
privatizar,2
fizer,3
reengenharia,1
básico,3
meritocracia,1
refém,1
instalado,1
regras,3
visite,1
hospital,2
SUS,2
miseria,1
eleitores,16
Amoedo,11
Fujam,1
Bissexta,1
considero,4
nordestino,1
gema,1
montar,4
jegue,1
kkkkkkkkkkkkkkkkkkkkkkkkkkkkkkkk,1
bolado,2
perdeu,8
político,45
falando,16
concorrente,2
perde,5
confiança,4
precisar,5
receber,5
algum,11
serviço,4
atacar,9
começou,13
vulgar,1
prefere,7
esconder,4
apareceu,2
clipe,1
últimos,1
atacando,6
vejo,10
Exceto,3
honesto,22
prefiro,6
VamosRenovarTudo,2
AmoedoPresidente,1
poste,1
amarrar,1
burro,13
Pensou,2
PMDB,25
dono,4
quinhão,1
fundo,12
eleitoral,10
ia,3
jogar,4
presidencial,9
inocente,3
pau,5
esperava,2
veio,9
chicotada,1
Testemunha,1
Fique,2
vontade,9
discuto,3
ouvi,5
mudar,16
realmente,14
inclinada,1
tbm,3
cega,1
existir,1
opção,15
querer,7
ofendeu,3
Desculpe,3
discordar,1
rápida,2
passada,4
conta,28
percebe,2
inclinação,1
quase,11
vertical,1
resposta,7
falácia,1
possui,6
interesse,7
preparando,2
lixo,9
dizia,1
mulher,9
servia,1
lista,6
único,24
deveria,19
desistir,4
passa,13
disso,21
pathetic,1
troca,8
copia,1
Ue,2
pessoa,16
apoia,13
pergunta,17
Basta,11
contribuição,2
viu,10
Oi,2
Afrouxou,1
chuchu,9
diria,1
Ah,11
Fernanda,1
assunto,8
primário,2
ninguém,36
solução,12
fale,7
certo,30
importante,12
filiado,6
nó,1
corrupção,23
explícita,1
NÃOVOTO,5
Kennedy,1
Alencar,1
CBN,1
haver,5
limite,3
autofinanciamento,1
cria,3
desvantagem,2
bancar,3
besteira,3
Ross,1
Perot,1
EUA,4
custas,2
pagar,7
mico,1
liberal,20
currículo,12
mundo,28
ficha,2
limpa,3
fazendo,19
rodeio,1
louco,4
econômica,16
jeito,17
horrível,2
cidadão,17
pagador,1
imposto,24
porcaria,4
luxo,2
mantido,1
Torço,2
passe,1
envolvido,1
caso,22
estudou,1
inglês,1
herg,1
mito,20
1o,3
feliz,5
amo,1
capacidade,10
senhores,3
anotem,2
escolhido,6
homologada,1
incomodar,1
entra,3
projeto,28
perder,8
coerente,3
coragem,9
competência,22
reconhecimento,3
internacional,9
capaz,6
atrair,1
investidores,2
comparar,3
escolhe,3
NemdireitaNemEsquerdaAvanteBrasil,1
Bolsonazi,1
descabelando,1
enfim,2
consagrado,1
qdo,4
conselheiro,4
Empresarial,1
corrupto,33
amp,6
roubalheira,3
conivente,3
grossa,1
sabia,8
incompetente,8
interessava,1
origem,2
Alckimin,3
solidificar,1
fraude,3
perguntou,2
resultar,1
DomF,1
lanterna,2
investe,2
tentativa,7
faturou,1
tirar,5
natal,3
contar,8
fechou,3
tendo,6
bota,2
chinelo,1
tacada,1
fato,13
traduz,1
experiência,22
incompetência,5
mim,16
países,7
acha,17
acertou,1
melhorar,2
Recapitulando,1
saíria,1
saiu,12
iriam,1
unanimidade,3
começar,5
surpreender,1
vencedor,2
nato,1
linha,3
legado,8
desemprego,6
fome,2
visita,9
Palmas,7
aposta,6
Conexão,1
Portal,3
via,16
va,2
legalizar,2
casa,7
mãe,5
família,11
Politico,2
brasileira,10
qualidade,7
empresa,8
corrupta,4
completamente,1
senso,4
ridículo,4
comprar,2
ficando,2
patético,1
destruir,2
participou,6
Interview,1
with,1
minister,1
VIXC,1
LatestComments,1
BoletimDaLiberdade,1
Ansiosa,1
vê,4
lo,17
Previdência,7
generosa',1
povão,8
tende,1
exportadores,1
precisam,4
Atualizar,1
tabela,2
renda,4
medida,10
classe,7
pagando,3
Pato,3
taí,1
errado,8
sugerir,1
assistir,2
Nilton,1
participa,5
OPORTUNISMO,3
coordenador,12
evento,14
analisar,1
reúne,5
nomes,7
confiante,3
vivendo,4
passando,3
cenário,6
esperança,5
mostra,7
vencer,9
trafega,1
ambiente,4
extremamente,2
sujo,4
podre,4
espero,4
consiga,3
sair,7
limpo,3
erradas,2
Player,1
oriundo,1
setor,7
bancário,2
quaisquer,1
suspeitas,1
idealista,1
chairman,1
rico,9
respeitado,7
trânsito,5
goza,1
credibilidade,8
Associado,2
indicado,3
existe,28
adora,2
juro,9
subsidiado,1
empresário,7
ineficiente,1
Finanças,1
disquerda,1
perfeito,3
permitiria,1
jamais,7
coincidem,1
palestra,5
economista,11
lançar,2
pre,3
FHC,23
escola,3
perdida,1
acredito,13
papai,1
noel,1
passar,7
chamineh,1
presentear,1
camaro,1
vermelho,4
cismam,1
omitir,1
certificado,1
garantia,2
Xing,1
Ling,1
Senador,4
levada,3
sério,13
declara,2
entrevista,10
Recorte,1
coluna,1
conversa,11
alto,8
trabalham,2
separados,1
pensa,6
idiota,11
Vendendo,2
capital,4
estrangeiro,1
riqueza,3
petróleo,2
água,3
saúde,14
educação,16
canalha,7
faltam,6
Hexa,3
ValeuBrasil,1
BRAMEX,1
Petrobrás,1
SENAI,1
caminha,1
recebe,6
Viva,4
Itamar,1
Real,9
completa,4
conseguiu,6
acabar,8
correta,2
tocada,1
passado,7
inflação,5
novamente,7
abaixo,3
destruírem,1
Prevendo,1
subir,6
declarando,2
legal,5
entende,5
escolheu,6
ofereceu,2
cargo,18
Solidariedade,1
figura,4
Rebelo,1
errar,3
susto,3
igual,7
concorda,2
comigo,2
compartilhe,2
mensagem,2
junho,1
recebi,1
desejam,1
Sigo,1
rodando,1
estarei,3
cidade,4
ouvir,8
depoimento,3
populista,23
promessa,7
vazia,1
fala,38
histórico,19
claro,19
confiar,3
chamaram,1
resolveu,4
desconfiei,1
comunista,14
treinado,1
Cuba,2
polarizar,1
vale,7
bobagem,2
Desligue,1
companhia,1
Esquece,4
golpe,6
malandragem,1
adianta,8
engana,3
Preposto,1
elite,3
financeira,4
mercado,14
Afirmações,2
cínicas,1
desonesta,2
cobra,2
admira,2
passará,2
digito,1
propõe,5
terrorista,3
empate,1
contava,1
acabou,10
promove,2
megalomaníaco,1
forte,14
HAHAHAHAHAHAHA,2
velho,9
maconheiro,4
PROERD,1
idade,4
apoiou,4
Dilma,17
honra,3
bloqueado,2
Dr,6
democrata,4
aguentou,1
tweet,3
matéria,8
citação,1
panamapapers,2
revelou,3
patrimônio,3
paraíso,2
Caribe,1
Olha,18
aguenta,4
Panamá,2
Papers,2
bloqueou,4
Austeridade,1
bilionárias,1
bi,4
guardado,1
patriota,2
boca,5
chupa,1
pqp,3
kkkk,12
Kkkkkkk,11
politiqueiro,2
precisará,1
conversar,2
Pense,2
nisso,2
diga,5
equipe,17
atual,9
Mereça,1
precisando,2
sorvete,1
alho,1
doutor,4
aceitaria,1
comecei,2
palavrão,1
comprovada,5
Confira,4
entenda,2
indo,3
conhecer,1
estagiária,1
MT,5
chique,1
Pará,2
iluda,2
AlfabetizaçãoPolíticaUrgente,5
Socoooooorro,1
Acorda,6
Aliás,10
marolinha,1
branda,1
resultado,12
entregou,1
Tesouro,1
período,4
verificar,2
enganador,1
prefake,1
João,5
Autarquia,1
seriedade,4
compromisso,3
li,2
publicada,3
colega,4
compreendeu,1
crítica,6
gerar,4
tributos,1
recentemente,3
quiser,7
lorota,1
graça,10
Relações,1
promíscuas,1
estilo,1
rouanet,2
fiscalização,1
criterios,1
gestao,1
Avante,4
tucana,1
sugeriu,3
aceno,1
busca,4
indicar,2
kkkkkkkkk,1
kkkkkkkkkkk,4
Ouve,2
Professor,7
kanitz,1
despontar,1
desistências,1
aguardadas,1
Câmara,13
Maia,2
DEM,11
pressionado,1
financeiro,5
largar,2
desgastar,1
incrível,4
Dinâmica,1
ímpar,1
debate,13
pessoal,11
colocar,15
quentes,1
respeitosas,1
esclarecedor,1
triste,2
tristeza,1
achar,4
leva,6
defendeu,4
Antagonista,4
soube,2
animadíssimo,1
Nordeste,2
Chamo,2
cadeia,2
estelionatário,2
BankBoston,2
robô,7
informações,3
texto,3
Cuidado,4
ler,7
manchetes,2
piorado,1
bosta,4
Menções,2
série,3
Paradise,1
significam,1
necessariamente,1
tais,2
envolvidas,1
irregularidades,1
HAHAHAHA,5
Aríate,1
Flagra,1
Guédis,1
Ed,1
Baixa,2
Frango,2
chaverinho,1
economizando,1
revista,1
época,6
escreveu,3
entitulada,1
macroeconômica,1
mandato,12
Iguauzinho,1
gosto,5
cumpanheiros,1
alta,4
estirpe,1
íntegras,1
ofshore,1
declarada,1
crime,6
ok,5
informar,3
céu,3
socar,1
olho,9
CONTRATANDO,1
MANEZÃO,1
principal,5
acontece,11
promoverá,1
PropostasDaIndústria,7
Indireta,2
Alckmim,4
tava,7
lamentável,2
sorte,11
rabo,2
preso,5
Valeu,5
maiores,7
tempos,8
TV,6
PP,8
ganha,10
restante,1
míngua,1
segundos,2
turno,27
mostrou,4
presidir,4
mostrarmos,1
demagogo,4
Zé,5
Anrã,1
casting,1
imaginando,4
Pinguim,1
filme,1
papel,3
Ventríloquo,1
opiniao,1
bandido,10
condenado,4
faria,3
relacao,1
indultos,1
calar,3
Lavajato,1
impunidade,2
privilegios,1
PTNUNCAMais,1
corja,1
aliada,1
lascando,1
necessitado,1
cagar,1
véio,2
Infelizmente,16
NASA,1
explica,2
Rapaz,2
anormal,1
camarada,1
passeou,1
petista,21
bam,2
zorra,1
pousa,3
samaritano,1
varinha,1
condão,1
cortar,8
gasto,14
simplificar,3
foder,1
vendido,3
autoestima,1
Cabrobó,1
significa,4
Eunício,1
Geddel,1
tantos,4
continuarem,1
adubar,1
terra,2
humano,1
votaria,6
Michel,2
discursinho,2
Globo,5
desmoralizar,1
elegeu,2
mostrando,2
muita,18
honesta,4
competente,17
população,16
dê,6
Errou,2
trabalhando,8
vá,9
outubro,5
perca,1
trabalha,2
apagar,5
viram,3
lição,3
saqueadores,1
partidária,3
Congelar,1
corta,1
funciona,4
democracia,12
processo,3
fazermos,2
necessário,8
entendeu,15
existia,3
dívida,9
precisava,1
paga,9
levou,5
caos,3
econômico,18
congelou,1
precisávamos,1
deixou,4
tomar,5
remédio,1
amargo,1
assumiu,3
assumido,1
administração,3
anterior,2
queria,7
pagasse,1
calote,2
vago,1
Desembucha,1
Mei,5
camisetas,1
lido,1
entendido,1
belo,3
BC,7
moral,8
ambígua,1
tretas,1
ext,1
gogó,2
bacana,3
perfurado,1
estaríamos,2
embellish,1
reality,2
facing,1
ai,4
CORRER,2
DISGRAÇA,1
união,3
rejeita,1
sugestão,2
ajudou,4
transformar,3
mundial,2
presidenciáveis,6
propõem,1
Descubra,1
Inscreva,3
Smartmatic,2
dedinho',1
TSE,4
fumar,3
criatura,2
sentido,9
zumbi,1
manipulá,1
dominá,1
ForaMeirelles,1
PARÇAS,1
GERALDINHO,1
MALCKMIN,1
lava,1
MOTORISTA,1
ASSASSINO,2
Carlos,4
MARIGUELA,1
WAD,1
pública,9
minimo,1
eleitorado,5
viável,3
avança,1
presta,1
homens,4
mulheres,9
trabalhadoras,1
serem,6
simular,1
representa,5
finaliza,1
Começamos,2
Bonito,2
Bostonaro,1
recado,2
cagão,1
votando,4
Hahahahaha,3
HAHAHAHAHAHA,2
HAHAHAHAHAHAHAHA,1
tropeçou,1
defini,1
Bozoembusteiro,1
merece,9
sucesso,5
duvido,3
tope,1
apoie,3
desespero,7
chance,19
celebrar,1
delatado,3
vitória,10
Meirellito,1
pisão,2
menino,4
Ney,1
começam,3
respeitar,5
seleção,4
cantando,1
chorando,1
Jogou,2
tranquila,4
favorável,3
deixa,11
vive,4
Youtube,4
bra,2
bolacha,1
maizena,1
dou,4
Moro,5
RJ,5
governado,4
facção,2
artigo,5
Ricardo,1
SBEM,1
Folha,3
viéses,1
documento,1
Anvisa,2
arrombados,1
imploramdo,1
RT,3
Cruzes,1
Alzheimer,1
afundou,2
eMDB,1
voce,6
PSL,3
rede,4
PDT,3
morto,1
caiu,1
fugiu,1
Marisa,1
Sóbrios,1
alguma,12
pleito,5
Espada,1
Estaca,1
deixamos,1
Colocamos,2
exército,5
torcendo,2
palpite,1
par,1
jogo,6
comparativo,1
crescente,1
contínua,1
absoluta,4
demagogia,1
Chegará,2
assumir,4
favoritismo,1
caindo,1
frase,4
heim,1
anotar,1
cuida,2
quitanda,1
fugir,3
bola,7
Abraço,6
gastar,1
toa,1
foco,5
redução,6
custo,3
controle,6
aparelhava,1
roubava,1
queira,1
perpetuar,1
mentiam,1
descaradamente,2
Incluindo,2
nascer,1
filho,12
mete,1
Avisa,1
aliado,7
centrão,2
emplacaram,1
continuidade,5
droga,7
tributária,3
aumentar,4
reduzir,10
constituição,1
ChamaoLula,1
pega,1
duvidosa,2
privado,6
macomunado,1
pé,7
entretanto,2
entendo,6
comentário,4
plus,1
proposta,28
solidez,1
faltou,6
raspar,1
caneco,1
íntima,2
centenas,1
patinando,1
Tomei,1
decisão,4
certa,5
organização,2
dedicar,2
orgulho,4
fiz,5
ato,2
seguir,5
Tiozão,2
erva,1
votem,2
ChegaDeNarcoEstado,1
Soluções,3
deram,4
aprofundar,1
teto,4
implantamos,1
fundamental,8
chame,1
ferrar,2
resolve,9
absurdo,2
gastado,1
doque,1
funcionarios,1
desnecessário,1
upgrade,1
falsa,2
Obs,2
serve,4
analisarem,1
abrirem,1
FalsaDireita,1
estacionado,1
intenções,1
PSOL,6
fecharam,2
perderam,1
emprego,24
Retweeted,3
nega,2
transferência,1
PCdoB,6
resiste,1
obrar,1
bebida,3
direção,4
combina,2
desesperoouloucura,1
musculatura,1
estabilidade,2
ostentar,1
superação,2
espera,3
doidão,1
viés,2
controlar,2
venda,2
cobrar,2
tratar,2
saem,1
acontecer,3
fingindo,1
Prende,1
resolver,7
Credo,2
atraso,4
defecadas,1
justificativa,2
vejamos,1
entendi,4
congelados,2
regalias,3
assalta,1
imoral,3
encara,1
última,10
gasta,3
fortuna,6
pesquisa,42
dura,2
prosseguiremos,1
urgente,4
parar,2
propondo,1
passou,9
congelamento,2
curar,1
chaga,2
fraco,1
desempenho,5
emedebista,1
eleitorais,2
setores,3
defendem,1
Supremo,5
disputar,1
2ª,2
escala,3
importância,1
falada,1
ótimo,9
imensamente,1
injusto,2
falaram,2
Politi,1
Siga,4
lúcido,1
pfv,1
avise,1
vier,1
Rio,7
Janeiro,3
olhada,2
gostar,1
segui,1
honrá,1
parceiro,3
Transportes,1
segurança,17
Saneamento,1
base,8
sobrevivência,1
desenvolvido,1
CORRETO,1
apologia,1
onerar,1
Paraná,4
aplicações,1
apoiam,3
conhecem,1
Cheech,2
and,1
Chong,2
bolivarianas,1
hs,1
publicação,1
feia,4
disponível,1
Spotfy,1
playlist,1
merda,11
falou,8
taxar,1
Hillary,1
tupiniquim,1
Vejam,1
EuVotoBolsonaro,1
aproveita,1
tapa,2
pantera,1
complicado,1
conheçaoscandidatos,1
levará,2
fuminho,1
mesmice,1
crise,17
PRONTO,1
curte,1
inferno,1
insanidade,2
fumaça,2
candidate,2
Bolívia,1
Prove,2
faça,5
felizes,2
Dai,3
prova,10
aceito,1
mes,1
Noah,2
Procura,1
TL,2
explicacao,1
razoavel,1
estrategia,1
PC,2
colocava,1
gif,1
sapo,1
melho,1
esquentar,1
CADEADO,1
ENTENDEDORES,1
ENTENDERÃO,1
sã,1
consciência,6
enxergar,2
sujeito,4
liberada,1
Ei,6
cuidar,5
mentir,5
feio,4
Bolsonaro2018,5
deseja,3
Drogado,1
facilite,1
acesso,1
apostando,1
fizeram,7
manda,6
aod,1
psolistas,1
bistas,1
elogiando,3
sairá,2
roubaram,2
direcionando,1
moram,1
funcionando,4
dobrar,2
dose,3
morrendo,1
EsquerdaNuncamais,1
roubar,4
nuvem,1
viaja,4
doida,1
véi,1
molecada,1
Noooossa,1
senhora,2
Alô,2
lida,2
Record,1
asauntos,1
polêmicos,1
situação,7
falimentar,1
liberação,6
Repararam,1
Sinceramente,3
estômago,2
vendo,4
aparecer,3
Facebook,4
estudar,3
bonitinho,1
achacar,1
Chega,8
mercadoria,2
suposta,2
Participei,2
sábado,2
federal,4
nk,1
causa,7
ideia,18
explorar,2
herança,2
destacar,1
omitindo,1
maldita,2
garoto,1
Solta,2
melhorou,4
comunicação,5
ouvia,1
atropelada,1
alegar,1
news,6
estratégia,8
iria,6
mentira,5
postagem,1
tachou,1
aproveitador,1
sumir,1
péssima,3
funcionar,3
replicando,1
argumento,7
midiático,2
prestou,1
razão,9
Convido,5
pesquisar,1
instituição,2
prsd,1
Joesley,3
chamou,6
caro,3
tira,3
terno,3
confia,2
participação,4
Mostre,4
assistindo,3
Copa,9
orgulhar,2
trabalhado,2
servindo,1
entregá,1
internacionais,2
bandeja,2
ouro,2
aposentar,1
maneira,1
eleger,7
extremistas,3
Combaterei,1
urna,11
pune,1
inchada,1
mexer,1
lógico,2
qd,2
pagamos,2
prescisa,1
deixando,3
etc,8
engrossar,3
discurso,30
Estadão,2
lavagem,2
mole,1
óbvio,4
trabalhou,8
órgão,2
enfrentar,4
esquerdista,10
replicou,1
Mint,1
preocupado,2
elogiarem,1
si,3
fudidos,1
colo,2
capeta,1
Gastou,1
grana,5
preta,2
produzir,1
referência,1
bobo,3
clara,5
parecer,1
palatável,1
consigo,2
entender,12
lamber,3
vi,10
engajado,1
apoiar,7
verme,1
argumentar,1
inclusive,10
inspira,1
conhece,10
raposa,4
Imaginem,5
armado,2
espalhado,1
briga,5
Dialogo,1
INTERAMERICANO,3
pacote,2
Temmers,1
corremos,1
risco,6
vir,3
agregado,1
força,12
conquistar,3
construir,3
estudo,2
entregue,1
encantar,1
lance,1
abrindo,1
opiniões,3
msm,2
engrenou,1
preferindo,1
fantasioso,1
preceber,1
prateleira,1
relax,1
Suiça,1
passear,1
Coloque,2
ladrões,3
defendo,4
profundas,2
Cobram,1
beneficiam,1
justo,3
avançar,6
imaculadamente,1
recessão,1
repetir,3
Aumento,7
Excesso,1
intervenção,2
desarmamentistas,1
receberão,1
ihaiuahaiuhaiuahiauhiau,1
medição,1
defender,4
Queremos,5
patamar,1
cola',2
adianto,2
antemão,1
refletem,1
ideologia,6
séria,5
formação,3
quadrilha,5
citar,2
ligados,1
Leiam,1
Amoêdo,6
Flávio,1
Esperei,1
Exxon,1
Shell,1
Beleleu,1
socialista,5
inegável,1
minion,2
afirmar,1
esquecer,3
consultor,1
protegido,1
acontecia,1
anúncio,1
golpista,10
bloqueie,1
social,6
bateu,1
recorde,2
recuperar,4
lascou,1
afundar,3
rápido,4
tijolo,1
privilégios,6
permitir,3
auditor,2
receba,1
reais,7
4h,2
quinquênio,1
férias,1
anuais,1
mão,10
anta,1
postura,3
adotado,2
legitimar,1
procurar,1
fono,2
stephen,1
hawking,1
sabemos,10
percebemos,1
separação,1
perfeitamente,1
alimentados,1
pagam,1
FODAM,1
Volte,2
campo,6
ministério,13
vaidade,1
cancele,1
estúpida,1
safado,1
capiroto,1
figa,1
muro,3
escolha,7
toleramos,1
conjavos,1
fita,1
escolhendo,1
despreza,1
usado,1
criminoso,7
tolerei,1
apoiasse,1
ladrão,12
Cadê,6
CPI,2
BANESTADO,2
took,1
office,1
escândalo,3
US,2
bilhões,5
esquecendo,2
Juiz,1
Sérgio,3
ideal,6
parâmetros,1
revela,1
Discordo,2
generalizar,1
qndo,1
quadro,2
impeachment,1
rolasse,1
chamasse,1
rolando,2
garantiu,1
seguraria,1
militância,1
deixaria,2
paz,3
serviu,3
luladrao,1
aa,1
fribosta,1
Sarney,3
legenda,3
excessivo,1
arena,1
cheio,5
arrogância,1
preconceito,1
atribuindo,1
adjetivos,1
tortos,1
crer,2
doente,1
Lamento,1
engraçada,1
noticiário,1
jornais,1
surgiram,1
Luciano,1
Informes,1
publicitários,1
preço,4
irresponsabilidade,2
anteriores,3
melhoramos,1
desequilibrada,1
respondi,2
Saudações,1
eleitor,12
supostamente,1
informado,3
fanático,3
palavra,8
CORTE,1
Mania,1
lombo,1
votam,2
lógica,3
desiquibrado,2
Bolsotonto,3
balaio,2
mérito,2
vantagem,3
excelente,12
demonstra,2
desequilíbrio,1
novidade,1
ladrao,4
Marun,3
governar,4
administrativa,1
convicção,3
ajudar,5
simplesmente,3
disposição,3
tiramos,1
reformista,2
qq,2
estatizante,1
sozinho,3
governa,4
propor,4
humilde,3
galgou,1
subida,1
íngreme,1
topo,2
voltou,5
bug,1
critica,2
criticar,4
daí,5
prestado,1
despreparado,13
inagem,1
analfabeto,2
funcional,1
mudou,3
lambe,1
imbecil,1
criar,4
EduardoCarvalho,1
selo,1
atestado,3
Partideco,1
repleto,2
cai,6
patriotismo,1
PTistas,1
lascados,1
triliões,1
centavo,1
Esqueceu,4
piores,4
coleras,1
burrice,3
votou,10
tontos,1
Padilha,1
irei,4
apesar,5
eventual,1
informando,2
conhecimento,3
gargalhadas,1
stand,1
up,2
comedy,1
hehehe,4
aguento,1
Acabo,2
perfis,2
principais,4
acompanhando,1
esquema,5
funcionário,2
acompanhou,1
século,3
bomba,2
pegou,2
acalmou,1
mar,2
revolto,1
guerra,2
luta,4
predisposto,1
digo,6
especialista,4
impressão,2
descrevi,1
conceito,3
elevado,1
recente,4
invade,1
Ate,2
Mereiles,1
começaram,2
jogaram,1
diferente,13
orgulhoso,1
cerimonialista,1
Regional,2
Arnaldo,1
Salvetti,1
Fernando,3
Garnero,1
brother,2
citei,2
MP,1
atuante,3
lembrar,3
entanto,1
rejeitado,1
cresceu,6
piada,12
salão,1
aversão,1
junto,18
NANICOS,1
SUL,3
PSD,1
EVANGELI8COS,1
PR,5
PRB,3
PTB,2
Aumentando,3
acusando,1
internet,2
remetia,1
ilegal,1
exterior,2
fraudou,1
pensões,1
estatais,2
detalhe,1
obrigação,5
tirou,4
informação,2
trocar,3
meia,4
time,6
perdendo,4
trocado,1
aproximar,3
partidonovo,2
mudando,1
Puff,1
sabendo,1
farão,2
aproximou,1
Aproveitando,2
clima,1
farei,3
comparação,3
clichê,1
acreditava,1
campeão,2
Compara,1
foda,4
líderes,1
Charge,1
captada,1
Admire,1
mudança,11
tom,6
decadência,2
viver,4
fantoche,1
irmão,3
admirar,1
deputado,19
coloca,7
ingênuo,1
incorretas,1
ri,2
fake,7
Joga,1
defesa,7
achando,4
Gala,1
André,1
Lara,1
Resende,1
auxiliando,1
obter,2
oficializado,1
inacreditável,2
inviáveis,2
aberta,2
Pqna,1
confesso,3
amiguinho,1
presidiário,5
realistas,2
emplacar,1
compor,3
centro,13
propriedade,3
irrelevante,3
empenhe,1
regular,1
coibir,1
nocivas,1
inibem,1
prosperidade,1
nação,3
interno,1
corpo,2
alma,2
errante,1
mercê,2
turbulências,1
externas,1
achei,3
lenda,1
fechando,3
pararmos,1
sangria,1
acabarmos,1
vivem,3
rodízio,1
comendo,2
Recôncavo,1
Aprendizados,1
subsidiar,1
fomento,1
agravante,1
receita,3
prejudicar,3
ciclo,2
virtuoso,1
consolidado,1
obsoletos,1
contribuinte,3
remunerar,1
máq,1
sofreram,1
sofremos,1
sequelas,1
direito,8
Afinal,5
vivemos,1
buraco,3
Sabes,2
Desculpa,2
pensar,7
ótima,2
Agradeço,1
PSB,2
PV,1
carteirinha,1
pesquisei,1
site,2
absolutamente,1
confiável,1
Google,1
leia,3
combater,4
combate,2
ética,4
preza,2
sobrevive,1
Creio,6
voltarmos,1
mercenário,1
oportunista,7
bolada,1
PARTIDÁRIO,2
roubo,2
legalizado,1
obras,4
superfaturadas,1
acabadas,1
municipais,1
federais,4
acostumando,2
chegou,4
roubou,4
olhar,3
salva,1
ético,1
limpar,2
tese,2
ultrapassada,1
CR7,1
descansar,1
aproveitar,1
gastava,1
maio,3
Rousseff,1
absolutos,1
proporção,1
PIB,5
andam,1
fumando,1
corajoso,3
acabaram,3
ousadia,1
canal,3
atolar,1
inteira,4
jornalista,1
Suassuna,1
secretário,1
imprensa,5
posto,4
integra,1
marketing,3
PROMETIDOS,1
março,1
decole,1
merecia,1
definido,1
gabarito,1
tarefa,2
estaria,2
depender,2
manteve,3
reputação,1
marcada,1
honestidade,8
tema,10
vital,1
suba,1
rampa,1
prática,5
taxação,1
exclusivos,1
promover,2
equalize,1
balança,1
proporcionalmente,1
justamente,4
feito,12
posicionar,3
firmemente,1
penal,1
casamento,2
gay,1
capitalismo,2
produziu,1
única,9
americana,1
Estados,4
Unidos,2
administrou,2
inúmeros,1
várias,3
thread,5
constando,1
exclusivamente,2
pessoais,3
falava,2
descobriu,2
aparelhar,1
STF,13
sinônimo,1
total,4
esperar,3
gostaria,4
evoluir,1
disputa,2
Normalmente,3
áreas,1
falham,1
micróbio,1
poça,1
suja,2
pisei,1
hj,1
ForaTemer,3
engraçado,3
Tamo,1
SP,9
Collor,3
Mello,1
Simples,5
elencar,1
afirmação,1
Rsrs,1
explique,1
maoísta,1
defende,7
estatização,1
meios,1
produção,2
vanguarda,1
composta,1
et,1
cetera,1
erro,14
crucial,2
Fomentou,1
endividamento,1
prometo,1
carnaval,1
perspicácia,1
gov,1
facilitou,1
naturalmente,2
governabilidade,2
Todavia,1
conturbada,1
tornando,1
aritmética,1
desafio,2
atento,1
MDBisdas,1
preste,2
inimigo,1
licenciado,1
DF,3
Tadeu,1
Filippelli,1
produtivo,3
lotam,1
auditório,4
sede,3
produtiva,2
gestão,4
desenvolvimento,7
contou,1
ofenderia,1
concretos,2
apelam,1
idiotices,1
daqui,2
visitarem,1
Cracolândia,1
principalmente,7
Garanto,2
mudarão,1
Cofins,1
afastar,1
investigações,1
receoso,1
esqueçam,1
dica,7
controlando,1
canteiro,1
reagir,2
Lobby,1
VemPraFormacao,1
EducacaoLiberta,1
Fundação,1
Ulysses,1
Guimarães,2
cursos,1
EAD,1
MS,1
PI,4
Fiepa,6
cabine,1
votação,1
prolongados,1
emoção,1
futebol,2
Eletividade,1
zelo,1
habilidade,1
discernimento,1
trouxe,2
estruturais,1
título,4
vibrar,1
homenagear,1
Twitter,8
cueca,1
Imagina,6
ficará,1
conquistaram,1
entendem,3
matemática,3
utilizam,1
sociedade,6
coordene,1
extraia,1
aplique,1
baixos,3
spread,1
incentivar,1
concorrência,1
bancária,1
tirando,2
monopólio,2
considera,4
Manuela,11
Dávila,2
afunilaram,1
top,3
persistente,1
BR,8
causada,1
repetidos,1
Puxa,2
convenceu,3
Taca,1
le,2
chora,2
sangue,1
lacre,3
faltando,2
Francamente,1
cobrir,1
rombo,3
cachorro,2
ocorreram,1
nariz,1
PF,1
Sinto,3
escolher,4
realidade,2
destino,2
intrinsecamente,1
composição,1
Respondendo,4
formulado,1
existem,3
opções,3
paciência,4
gafanhoto,1
gosta,11
inspirador,1
negócio,4
poderemos,1
partiu,2
recuperação,2
oponente,1
ARTICULADOR,1
ASSALTO,1
COFRES,1
nada',1
LADRAVAZ¹³,1
colocado,2
economicamente,2
trilhos,2
compartilhar,1
conosco,1
Contamos,1
Abs,4
vote,7
merdinha,1
progresso,4
concordar,1
saco,7
viúvas,1
lados,5
possuem,1
convincentes,1
vender,4
relógios,1
Valendo,2
Cala,1
explicação,2
percentual,1
Boulos,2
Prováveis,3
Rabello,1
Castro,3
PSC,1
Vicente,1
Goulart,2
PPL,1
Rui,1
Pimenta,1
PCO,1
financista,1
Videozinho,1
Ps,1
Zerar,1
FMI,1
trocando,1
fanfarrão,1
sqn,3
ameaça,1
incêndio,1
sequestrar,1
Socorro,3
médico,2
julgamento,1
Encarceramento,1
fechar,1
vemos,3
estrutura,4
pemedebista,1
imagens,2
desvinculam,1
Cap,1
Nascimento,2
manja,3
cultura,1
custou,4
JornalDaManha,2
grita,2
Pura,1
atitude,2
marajá,1
Tsunami,1
naufragou,1
grito,1
farsa,3
Escolham,1
palanque,2
irão,3
candidata,1
clorofila,1
machista,3
racista,1
administrar,3
inquestionável,1
politicamente,1
negociação,3
aplaudido,2
conte,2
AnastasiaGovernador,1
BrasilparaFrente,1
Bolsominion,4
dedo,4
aponta,1
formato,2
poderes,2
constitucional,1
Prezado,3
disponibilidade,1
eliminar,1
governaria,1
formados,1
mudaria,1
Acreditem,1
jingle,12
plágio,1
abertura,1
Ursinhos,1
Carinhosos,1
versão,1
melhora,1
efetiva,1
previsão,2
sido,5
revisada,1
estagnação,1
kkkkkk,8
saí,2
mentiroso,6
Bozonaro,4
empatado,2
Manu,2
abrir,2
ultrapassará,1
chinês,1
video,2
partiram,1
ataque,9
resta,2
dará,3
Brilha,1
assessor,1
un,1
líder,4
agiotarem,1
estrangulando,1
empreendedorismo,1
exorbitantes,1
metiê,1
virem,1
reclamar,5
cabacinhos,1
CN,2
cristão,2
caluniosas,1
tomando,3
Davilla,1
moços,1
coração,2
Brasilzão,1
Manu2018,1
exa,1
basicos,1
gasolina,1
intervalo,1
vendeu,1
CeDae,1
Banrisul,1
altamente,1
rentáveis,1
protegeu,1
Bradesco,1
Itaú,1
continua,10
cortado,1
comissionados,2
engatar,1
voltada,1
babaquice,2
tosca,1
assessores,2
Energia,3
Palácio,1
índices,3
aproximadamente,1
lidera,1
bolsonarista,6
dita,3
Fuhrer,2
Sagrado,1
FakeNews,5
capitalista,1
trabalhador,4
influência,3
conotação,1
negativa,1
pedindo,1
consertar,3
sentindo,2
explorado,1
rosto,1
diretamente,3
desenhar,1
parou,4
curva,1
chorar,1
contestar,1
chover,1
molhado,2
suficiente,6
sabermos,3
aceite,1
sub,5
morra,1
assistêncial,1
proto,1
trabalhadores,2
capacitados,1
extrema,6
extremo,5
candidatar,1
unir,3
Senado,2
dilmANTA,3
defendendo,4
pronta,1
Nooooossaa,1
fodão,1
Beleza,4
dizimado,1
eleitoralmente,1
integrantes,2
semana,8
sensacional,1
tecnicista,1
inventa,1
aliar,1
Transnordestina,1
porto,1
Luís,1
Correia,2
Teresina,3
Cobertura,1
fria,3
superficial,1
poderiam,3
aproveitado,1
dever,1
focando,1
requentadas,1
impressa,1
desculpem,1
decisões,3
passam,4
potencial,2
pensam,3
paisagem,2
perguntado,2
vaga,1
Foro,5
munido,1
tornam,1
plenamente,3
responder,3
decisiva,1
políticamente,1
acertada,2
cerca,1
lança,1
acorde,1
brejo,1
Piaui,1
admite,2
ganhariam,1
Daria,2
aceitar,2
tranquilamente,1
provocar,2
VoteVcSemDataFolha,1
técnica,7
sucedido,1
lt,1
atacará,1
agressão,1
verbal,1
conversinha,1
mudaram,2
bate,10
ligeiro,1
aconteceu,5
derrubar,1
matilha,3
espreita,1
apoiando,7
concorde,1
obcecado,1
lançado,2
provar,7
fogo,4
bombeiro,3
volta,5
porta,4
demitiu,1
amarga,1
responsabilidade,5
pensem,1
resto,4
opõe,1
tergiversa,1
estruturantes,2
reuniu,2
Participaram,1
Almeida,1
Sousa,1
Themístocles,1
Marcelo,2
Liziê,1
Coelho,1
Ismar,1
Marques,1
PortalGP1,1
GP1,1
HenriqueMeirelles,4
OndaLaranja,1
propagando,1
Mano,1
JJKKJJKKKKKKKKKKJ,1
particularidade,1
formal,1
cacique,5
Haddad,2
critério,2
apoios,1
regionais,1
locais,2
finalzinho,1
2º,4
fenômeno,1
vimos,3
justa,1
benéfica,1
crédito,2
vento,1
decidir,4
BolsonaroPresidente,1
reduz,1
indigência,1
iguais,5
Explorando,1
tiro,1
Maria,1
assustador,1
ocorrido,1
andamento,2
Tratos,1
Adolescentes,1
debatido,2
divulgada,1
jun,1
mínimo,7
aferidos,1
branco,5
ações,3
blablablá,1
atritos,1
esforço,2
descolar,1
servidores,4
familiares,1
proventos,1
responsáveis,2
empatia,1
executivo,8
imformados,1
cumprirem,1
salariais,1
inconstitucionais,2
ativos,1
inativos,1
bala,2
elegante,1
referir,2
produz,1
comparando,1
gentilezas,1
traíra,1
esconde,2
partidaria,1
Fidelix,1
CNIIbope,1
notícia,7
percorrido,1
recebendo,3
brincalhão,1
Rondônia,2
ouvindo,1
reconstruir,1
comece,2
vdd,2
rouba,2
solucionou,1
pleno,3
bombando,2
comprando,1
Cangaciro,2
Alkmin,1
respeitam,2
machões,1
ficam,4
brabinhos,1
atacam,1
seguidores,6
meirelistas,1
Bloqueiam,2
Morri,1
rir,3
atacou,1
continuação,1
burguesia,1
atenção,4
suicidou,1
jovens,3
desolados,1
interminável,1
estámos,1
acontecendo,2
trocadilhos,1
virão,2
cair,6
literalmente,2
adotar,2
agressivo,2
feminino,1
ilusão,1
reformadaprevidência,1
ficariam,1
batidas,1
angariar,1
dentes,2
Mensalão,2
Petrolao,1
virá,1
turminha,1
amiga,1
Impressionante,5
Quanta,6
desfaçatez,1
afirma,4
governistas,1
trocam,1
Falei,5
contigo,2
seguindo,1
polícia,3
ilusões,1
garantir,4
planeta,1
comem,1
combatendo,1
entrar,3
batalha,2
insignificante,1
malvado,1
assume,5
holding,1
Afinadinhos,1
conferir,1
soltou,1
patética,1
publicitária,1
lançará,2
clero,4
Confie,1
comprovou,1
caia,2
blábláblá,1
furado,2
principiantes,1
sobremesa,1
provocador,1
quis,4
aposentadoria,4
promovendo,1
agradece,1
Cirão,1
Mané,2
ultrassado,1
braba,2
vinda,1
elefante,1
resistência,3
gorpi,1
caráter,3
ESQUERDELHA,1
gí,1
vel,1
abre,2
livro,3
arts,1
pouquinho,1
CRFB,1
Seguinte,2
palhaço,7
esquecemos,1
passagem,1
trolha,1
áudio,4
prá,1
Paspalho,1
prensa,1
Contrafeito,1
ânimo,1
Hum,2
tratamento,1
fonoaudiólogo,1
enganado,1
divulgando,1
gratuitamente,2
FlavioRocha,1
Idéias,1
preparar,1
emaconhado,1
conheço,2
exceção,1
declaram,1
justificar,2
ahahahahahaha,1
falido,1
falam,3
Nowwatching,1
reza,1
página,6
Hipócrita,2
contrário,11
aumentou,2
radical,5
devido,2
flores,1
amenidades,1
recheada,1
biltres,1
atentado,1
diminuicao,1
torrar,2
contratou,1
Aécio,9
peça,3
apanhar,2
Grátis,1
gabaritada,1
educacional,1
prestigio,1
focar,1
conscientização,1
marca,5
canalhice,1
engano,1
tao,2
pronunciou,1
soltar,1
STFVergonhaNacional,1
favpr,1
mostram,3
ouviu,2
sobe,1
TánoLeiaJá,1
coronel,3
desastrado,1
enriquecimento,1
baixarem,1
típicos,1
retórica,1
Tentou,2
máscara,2
justiceiro,1
terminou,1
revelando,1
cordeirokkkkkk,1
movimento,7
Valer,1
ala,2
progressista,4
surgiu,1
angariando,1
adeptos,1
matizes,1
espetro,1
normal,3
pequena,2
Exªs,1
alterem,1
LEI9782_99,1
aguentamos,2
lesas,1
Pátria,4
servidor,1
contratado,2
agrário,1
MDA,2
Venho,1
Pergunto,1
elegermos,2
resgataremos,1
relegada,1
subalterno,1
MAPA,1
Maranhão,1
economês,1
tentam,1
curricular,1
gira,1
vidente,1
motivo,6
ra,1
declarou,1
abril,1
traz,2
instabilidade,1
Acabei,2
convite,2
paraibano,2
adia,1
Clique,1
ruptura,1
modelo,2
paternal,1
adota,1
moderna,1
recolhimento,1
reduzindo,2
Ansioso,1
desgraça,2
ganham,3
oficial,3
adesão,1
jurando,1
cereja,1
ein,4
colocando,1
desmentida,1
LDO,1
estima,1
corresponde,1
supera,1
soma,1
malandro,2
mau,3
intencionado,2
deficit,1
tirado,2
Entusiasmado,1
tome,1
arriscado,1
tio,2
eufemismo,1
fisiologismo,1
raiz,2
ineficiência,1
vôos,1
galinha,1
intercaladas,1
condizentes,1
potencialidades,1
estratégicas,1
anti,3
partidarismo,1
imagine,2
CEODOBRASIL,1
agrada,2
sobra,2
reeleição,1
descanso,1
reconhecer,1
atrasando,1
protesto,1
prefeita,1
preparadas,1
fiquei,2
Amapá,5
Beth,1
Pelaes,2
punir,1
Taxa,1
lucro,1
cogita,1
multi,1
nacionais,2
milionário,3
parceria,1
trazer,3
investimento,10
representante,7
sera,2
der,4
remuneração,2
ligada,3
vinculada,1
desemprenho,1
utópico,1
ENADE,1
ferramenta,1
avaliação,2
ensino,4
superior,1
ineficaz,1
maquiagens,1
apresentar,4
singela,1
PE,1
direto,4
firula,1
vocacionado,1
fantasia,2
mude,2
senadora,1
garantido,1
ufa,1
aprovo,1
totalmente,1
10anos,1
Bicos,1
tábua,1
salvação,1
Demanda,3
consumidor,2
comércio,3
retoma,1
setembro,1
nota,3
FGV,1
greve,3
Ipea,1
Fator,1
isola,1
articulações,1
continuísmo,1
afirmou,4
parlamentares,3
responde,3
questões,1
levantadas,1
enxugamento,1
secretarias,2
Quantos,3
assisti,1
Paraíba,2
abraçar,1
desembolsar,2
quintal,1
EEUU,1
sonha,1
batizou,1
costuma,1
irritadinho,1
viadagem,2
conexo,1
ofender,1
interlocutor,1
conhecê,1
sofre,4
psiconeurose,1
congênita,1
associada,1
dissonância,1
cognitiva,1
crônica,1
sexualidade,1
reprimida,1
esporte,4
CF,1
revogado,1
Keynes,2
inteligentão,1
macaco,2
espinhosos,1
lançam,1
arrecadação,1
termo,10
aluno,3
conflituosos,1
imensa,1
Milton,1
Neves,3
Odinei,1
Ribeiro,1
narrador,1
SporTV,2
Ademar,1
comentarista,3
Mauro,1
Cézar,1
ESPN,1
FOX,1
Sports,1
lembrei,1
Lêem,1
noticias,1
proficiência,1
aplicam,1
aplicar,3
função,4
previdenciário,1
igualdade,1
necessidade,1
eliminação,1
centrais,1
equiparação,1
sistemas,1
contribuir,2
promissor,2
soar,1
certíssima,1
fugindo,1
ateu,1
prometendo,1
Ué,3
governam,1
bancam,1
1º,1
Joaquim,1
nomeado,1
desarmamento,3
travestido,2
enganar,2
prestar,3
papelão,1
cordeiro,1
manso,1
enganem,1
ligeira,1
lê,1
escrevo,1
leem,1
escreve,1
rss,1
verba,2
gabinete,3
lembro,2
acompanha,1
cena,2
infeliz,2
canse,1
Lindeza,1
aula,2
Lamentavelmente,2
braaileiro,1
show,3
man,2
administrador,3
mente,4
1a,2
lider,1
gabam,1
prometem,1
coisas,9
cumprir,1
indenizar,1
gringos,1
dezembro,2
achou,2
abandonar,1
catar,1
coquinho,1
velhaco,1
amortizações,1
sequer,6
Dep,2
explicando,2
Encontre,1
posicione,1
polarização,1
mata,1
ágeis,1
senão,3
tchau,5
Ulisses,1
aprender,5
arriscar,2
rumo,5
osCandidatosNÃOse,1
posicionamNas,1
OLTURA,1
RRRAAABO,1
aCandidata,1
sePosicionouSiM,1
elaAcha,1
iNJUSTAprisãoDo,1
rLuLa,1
leve,1
colocou,4
ultrapassado,1
pai,8
Alerj,1
Bene,1
Barbosa,2
MVB,1
Dobra,1
Fátima,2
lideranças,3
amapenses,1
reparar,1
SD,1
defensor,3
Go,2
faladores,1
ignorância,3
eterna,1
DCE,1
Colegial,1
doado,1
Palestina,3
contato,3
encontra,1
Cuiabá,4
ESBANJANDO,1
denuncia,1
falcatrua,1
doação,1
PALESTINOS,1
cúmplice,4
inaugurado,1
desviado,1
zona,2
Envie,1
hashtag,1
PergunteAoMeirelles,1
Participe,1
ADORO,2
contínuo,1
terem,1
radicalismo,1
precedentes,1
Instituto,1
Avila,1
SemanaRenova,1
militante,1
integrar,2
entrevistado,3
reclamação,1
aceita,1
respeita,3
divergência,1
coerência,1
reclama,1
Continuando,1
audições,1
presidencia,1
custar,1
inúteis,2
superou,1
Finalmente,1
entrevistador,1
ultimos,1
entrevistadores,4
talz,1
lomba,1
decente,1
goleada,1
destruído,2
PSBD,1
preferidas,1
Prêmio,1
participantes,1
enquete,2
metro,3
Argentina,1
câmeras,1
estragadas,1
Redenção,1
ameaçam,1
Reparem,1
debatem,1
acusam,2
debaterem,1
entrarão,1
opositor,2
Costumam,1
acusar,1
debatedor,1
geralmente,1
mantras,1
conhecidos,1
marqueteiro,4
vermelha,2
monólogo,1
disfarçado,1
gostam,1
comparou,1
parecia,1
homenagem,1
resistir,1
hostis,1
Simone,1
Tebet,1
sondar,1
caminhoneiros,1
candidatou,1
maconha',1
saberia,2
alimento,2
pressionam,1
XXI,1
estarmos,1
Vigilante,1
alheio,1
posam,1
Salvador,1
baratinhas,1
black,1
Friday,1
vendem,1
somem,1
Suíça,1
Lichtenstein,1
ensaiadas,1
Repúvlica,1
1',1
devolver,1
recebido,3
desiste,3
contrata,1
dicção,1
medir,1
cretinice,1
cretino,3
fundamentais,1
trajetória,1
benigna,1
abandonou,1
banca,3
alerta,1
defendi,1
equivalente,1
decaída,1
pinguela,1
elevam,1
caixa,1
prioridade,6
positiva,2
Kkkkkkkkkk,4
orelhinhas,1
abanam,1
pagamento,1
cabide,1
início,3
rádio,1
feita,4
esquedofobia,1
tensionada,1
veículos,1
MinC,1
lei,12
desnecessárias,1
cinturões,1
apertado,1
continuam,2
Assine,2
Crusoé,1
encontraram,1
gigantesca,1
EXTIRPAR,1
extras,1
exemplos,2
preocupa,3
agonizando,1
meine,1
Frage,2
sollte,2
einen,1
legalen,1
Weg,1
implizieren,1
expediente,1
explicar,3
oficiais,1
explicações,1
plausíveis,1
citá,1
fera,1
mineiros,1
equilíbrio,2
serenidade,1
raia,1
dificuldades,1
aparecem,1
região,2
Norte,1
enorme,3
salto,1
Who,1
needs,1
voters,1
when,1
you,2
have,1
friends,1
like,3
Exatamente,14
assaltado,1
milagre,5
efeito,5
curto,2
prazo,3
estruturias,1
longo,1
TNGInforma,1
CampoGrande,1
establishment,1
centristas,1
considerado,4
subtititulo,1
acordar,1
Certíssimo,1
impossível,1
presença,2
Puccinelli,1
encaminhado,1
citou,1
irrisória,1
deslegitimada,1
Acre,1
calorosa,1
recepção,1
colocaram,1
bolsiminion,1
gritar,1
surpreende,1
galera,6
D'avila,1
suado,1
postar,5
digno,1
monte,5
venezuelano,2
preocupar,4
Venezuela,6
Levante,1
Maduro,1
RodaViva,1
Interessante,1
acredite,1
liberdade,2
autodefesa,1
Economicismo,1
Ausência,1
afasta,2
PCB,1
adotem,1
dólar,2
Atlas,1
encomendado,1
Also,1
wenn,1
Finanzminister,2
nicht,2
an,2
Geld,1
kommt,2
wer,1
dann,1
CONVENCER,2
Janot,1
Vao,1
blinda,1
Administracao,1
procurador,1
Miller,1
provisória,1
Brasilien,1
will,1
Mio,1
Privatvermögen,1
in,1
Präsidentschaftskandidatur,1
stecken,1
mich,1
Wie,1
jahrelanger,1
solches,1
Vermögen,1
Es,1
wird,2
auch,2
alles,1
sein,1
Ihm,1
Verstrickung,1
bei,1
nachgesagt,1
Bad,1
Former,1
says,1
he,2
willing,1
spend,1
million,1
of,2
his,1
own,1
cash,1
run,1
the,4
presidency,1
currently,1
on,2
about,1
percent,1
intentions,1
satanás,1
chamado,3
Er,1
war,1
CEO,1
einer,1
Grossbank,1
wissen,1
journalist,1
sobrar,1
experiente,1
formada,1
rodada,1
reflexão,1
provoca,1
bárbarie,1
Narrativa,2
feminista,1
impulsiona,1
Prosdócimo,1
previsões,1
Vendedores,2
terrenos,1
liberacao,1
retuitando,1
post,6
repita,1
considerando,1
Cartão,1
corporativo,1
TCu,1
BNDES,2
gestão',1
amealhou,1
escolarizado,1
denunciado,2
temem,1
asquerosos,1
zeros,1
básica,4
acrescentam,2
acrescentaram,1
sugiro,2
ângulo,1
visão,5
Ola,1
operações,1
civil,3
engenharia,3
economica,1
Perito,2
Criminal,1
brincam,1
enganam,1
destroem,1
Uh,1
coitado,3
virar,5
questionou,1
administrações,1
dianta,1
quere,1
desmerece,1
nocivos,1
empregado,1
segregação,1
ideólogos,1
persegue,1
Varias,2
adversidades,1
Haverá,1
diretrizes,1
inserção,2
GlobonaCopa,1
SouSporTVnaCopa,1
forawilsonpintojr,1
tecnicamente,1
equivalência,1
diminuiu,1
reduziu,1
custeio,1
divida,2
soberano,2
associa,1
Raros,1
registram,1
invejável,1
qnto,1
brilhante,4
atuação,3
destinado,1
perdoar,1
grupos,1
cuidando,1
médica,1
uruguai,1
comecado,1
discussao,1
mágicas,1
saiba,6
medinho,1
comprovar,3
exploram,1
existisse,1
continuaríamos,1
lama,1
milagrosa,3
observando,1
comportamento,2
perceber,1
institucional,1
despesa,6
piso,1
Continha,1
noçãozinha,1
disciplina,1
aproveitadores,1
so,2
escolhermos,1
proponha,1
Doutro,2
sabedoria,1
sala,1
acabam,3
beijando,1
Lembrando,2
inteiro,3
acelerar,1
aforismo,1
Heraclito,1
Efeso,1
asno,3
palha,2
Congelando,1
doido,4
votaveis,1
D'Avilla,1
acrescento,1
Meirellinhuuuuuu,1
desvincular,1
Termer,1
revê,1
8ª,1
Gerais,1
diminui,1
obriga,1
mudarem,1
hábitos,1
bolha,1
precisou,3
filha,1
ônibus,1
madrugada,1
Chamei,1
respondeu,2
sócio,1
Votarei,2
discorde,1
posições,3
consequência,4
privilegiado,1
opcional,1
planeje,1
médio,2
ludibriado,2
lôco,1
bicho,1
Estraçalhou,1
poupe,1
amador,1
passagens,1
comprometer,1
cadeira,2
dado,8
contribuições,1
Gata,1
evitar,2
Pesadelo,1
2o,2
lançaram,1
leprosos',1
visitaaaaa,1
fiquem,1
acusado,2
acordo,5
torturaria,1
somados,1
votei,4
Nâo,1
Eliane,1
processar,2
advogado,2
refugo,1
cometo,1
situações,2
acusaram,1
PCC,12
criminosa,1
fragmentação,1
penso,6
modo,2
fazê,1
criaram,3
recuso,1
File,2
curta,1
comer,1
cavalo,3
pragmáticos,2
fragmentam,1
ideológico,2
pensamento,2
ferrando,1
vieram,1
mandei,2
defecar,1
mato,2
desabone,2
inventam,1
inventaram,1
TeamMeirelles,1
baita,1
barato,2
acusação,4
grave,5
irresponsáveis,2
Palocci,1
expertise,1
afagava,1
pender,1
pende,1
comporta,1
variante,1
Jarder,1
RODTIO,1
CAMARA,1
FAMILIA,2
MARINHO,1
GLOBOLIXO,1
SAO,2
sinistério,1
Matando,1
populacào,1
baseia,1
articuladores,1
anima,1
out,1
vergonhice,1
abafar,1
influenciar,1
agrado,1
tornaram,1
Porém,2
Goiano,3
apresenta,2
decola,1
percalços,1
evangélico,1
Judiciário,2
satanizar,1
parecendo,2
morrer,3
instante,1
continuaria,1
padrão,2
hediondo,1
lutar,1
Marabá,1
levaria,1
fortalecer,2
convença,1
ignorante,3
ofenda,1
ficarão,1
atrai,1
banheiro,2
assegurar,1
patrimonio,1
privada,4
sólida,1
respeitadas,1
suposto,2
levam,3
LARANJA,2
TREMER,2
ChameMolon,1
ba,4
unfollow,1
chavao,1
posse,1
porte,5
qualificado,2
estatuto,3
reforçando,2
confundiu,1
piora,1
salário,11
bobeira,2
amigão,2
extinguir,1
elogiam,1
superávit,1
esquecem,2
convenientemente,1
MANDAVA,1
consertou,1
BAGUNÇA,1
BURRONA,1
Bourreff,1
chapéu,1
Rondoniaovivo,2
aposenta,1
abrem,1
comparecer,1
sabatinado,1
seguida,1
liberalismo,3
convidar,1
governadores,1
ampliar,1
senadores,1
ratificou,1
MDBUnido,1
importou,1
coletividade,1
simpático,1
Acompanhe,4
DiálogoDaIndústria,1
inicia,1
Relembra,1
bonança,1
aprovar,3
Aprovamos,1
prioritária,2
criação,3
profissionalizante,1
plateia,2
organizar,1
ajustar,1
distribuir,2
Bravatas,2
sinceros,1
repetição,1
exata,1
rigorosa,1
atividades,1
seguem,1
manhã,2
Coletiva,2
listam,1
integridade,1
atribuídas,1
sirvo,1
Trabalhei,1
sucedida,1
clareza,1
elevarmos,1
notar,2
questionado,1
lançamento,1
burra,1
convencionados,1
demonstrou,1
quantitativa,1
15h,1
transparente,1
atualmente,1
crítico,2
simplificarmos,1
adicionado,1
faremos,1
distribuição,2
Municípios,1
possamos,1
Confis,1
equipa,1
qualificada,1
busque,1
represente,1
iniciativa,1
melhore,10
favoreça,1
responsável,6
melhoria,3
usada,1
cruciais,1
estagnou,1
décadas,3
Apresentei,1
prioritários,2
eficiência,2
competitividade,2
infraestrutura,2
Trump,3
Melania,1
dentista,1
enfermeiro,1
diária,1
sonífero,1
tiraoovodabocameirelles,1
subestimem,1
Lembrem,1
aceitou,2
Sacanagi,1
perderá,1
BolsonaroArregão,1
CiroPresidente,1
rivais,1
armar,1
parlapatão,1
alcança,1
investido,1
TRAIU,1
meirellesétemer,1
viceversa,1
entreguista,2
fiasco,1
fascínoras,1
fiote,1
surfar,2
onda,2
produtividade,1
Apelação,1
contumaz,1
cogitaria,1
condomínio,1
Desrespeito,1
eficiente,3
desvalorizar,1
evidentemente,1
descobriram,1
transformaram,1
fazendão,1
concorra,1
Sonhar,1
LulaOuNada,1
Eduardo,1
Cunha,1
Bob,1
Jeff,1
Carainho,1
bêbado,1
CICB,1
Convenções,1
Participam,1
Aplausos,1
entrada,3
saída,2
vaias,1
bela,2
Pirou,1
desconfiança,1
mera,1
suplente,1
vereador,1
tamquanto,1
manipular,1
guerreira,1
aquisitivo,1
significativo,2
penino,1
senho,1
branca,1
funções,1
destaque,1
papo,2
renúncia,1
fonte,2
reajustada,1
retirado,1
ICMS,1
combustíveis,1
extinção,1
remédois,1
programa,3
incentivo,1
infantil,6
Prouni,1
creches,1
AE,1
Broadcast,2
preferência,1
falseando,1
números,2
comandar,2
desastrosa,1
CandidatoPeroba,1
dividir,1
louros,1
Aloísio,1
Nunes,1
patrões,1
Wesley,1
apresentação,3
realizada,2
3em1,1
palmômetro',1
vaiado,1
indiferente,1
baixaria,2
aspecto,2
recebeu,2
atenções,1
comenta,2
abordados,2
constragedora,1
amassa,1
demitidos,2
metade,1
professores,1
faculdade,1
PB,1
massa,2
traçou,1
paralelo,2
avanços,3
coalizão,1
expressiva,1
desunirmos,1
perdemos,1
unirmos,1
capa,2
definida,2
COVARDÕES,2
votaram,2
firme,1
industriais,1
pauta,5
recuperado,1
torna,1
apto,1
acessores,1
Adorei,1
permaneçam,1
possíveis,1
garanta,1
Maestro,1
orquestra,1
Interativo,1
antecipou,1
continuarão,1
vira,2
dupla,4
Gostou,1
comente,1
Arigatou,1
gozaimashita,1
Support,1
initiative,1
share,1
comment,1
give,1
your,1
Thank,1
Recomendo,1
produzido,1
ingovernável,1
abocanhar,1
preveem,1
10h,2
Grand,1
Mercure,1
correligionários,2
imbatível,1
acomodar,2
ajuda,4
quebrando,2
osso,1
inconPTencia,1
anda,1
cercado,1
hipocrita,1
gráfico,1
degringolou,1
Tite,3
Culpa,4
quebraram,1
Monta,2
Barraco,1
morar,1
6a,1
pintado,1
marrom,1
manipuladora,1
tremendo,1
boquinha,2
milionária,1
retrocesso,2
depende,2
triunfar,1
entusiasmando,1
registrar,1
lidará,1
indicações,1
instituições,3
vigor,1
apadrinhamento,1
assaltou,1
quebrou,2
comanda,1
pasta,1
mentor,1
aventureiro,2
pescador,1
fisgar,1
tolo,2
ma,1
facções,1
atuou,1
assumisse,1
Agoooora,1
roubado,1
farinha,1
soa,1
arrogante,1
treinar,2
erudito,1
tecnocrata,1
especialmente,2
professoral,1
autoelogiar,1
andar,1
internacionalmente,1
imprindo,1
contrapõe,1
Participo,1
Dialogar,2
disposto,2
caminhar,1
apresentando,1
duro,1
Min,1
puteiro,1
aspirantes,1
sindicalistas,2
Dulce,1
Miranda,1
facinho,2
surtou,1
avançada,1
mao,1
dps,1
obrigatório,1
colaboração,1
ocorra,1
4vezes,1
China,1
investir,3
aud,1
Caramba,1
desanimadoras,1
dificil,1
retomar,1
alternativas,1
reserva,2
robusta,1
iniar,1
excluiu,1
identificados,1
Ávila,1
retomada,1
realizado,2
característica,4
autores,1
coalizões,1
favorecer,1
ocupou,1
Roberto,2
Justus,1
cercou,1
rachei,1
Faepa,1
Xavier,1
registro,2
kakakakakak,1
RANKING,1
BOTS,1
VanzoNews,1
webinar,1
previdenciária,1
meme,5
ofendido,1
Ceará,1
quebrado,1
fruto,1
ator,1
gestor,1
adoraria,1
tê,1
emburreça,1
Nasce,1
distinguir,1
pareça,1
junta,1
salvar,2
falem,1
corre,2
cerco,1
ospingosnosis,1
eletrônica,1
fraudada,3
arranjaram,1
reeleito,1
gravem,1
repertório,1
gracejos,1
conjunto,2
abrangentes,1
formuladas,1
construída,2
maiúsculo,1
cunho,1
oposição,4
facilitará,1
Multinacional,1
valorizou,1
facilitar,1
papéis,1
humor,1
Tiririca,6
radicais,2
voz,2
adequar,1
conteúdo,1
adaptar,1
Filhote,1
foque,1
segurando,1
leme,1
desista,1
Passamos,1
Levo,1
paraense,1
chamaomeireles,1
prendeojader,1
Chapecó,6
MeirellesPresidente2018,1
virada,1
comunique,1
antecedência,1
propósito,1
margem,1
naturalidade,1
bença,1
Larga,1
xarope,3
viabilizar,1
agonizante,1
ore,1
ligação,1
Perdi,2
compostura,2
praquele,1
kkkkkm,1
pontuou,1
montou,1
venha,2
ira,1
pesssoas,1
xiitas,1
pegando,1
posicionados,1
tbem,1
goberno,1
Original,3
pendurar,1
abandone,1
QUADRILÃOmdb,1
Ôh,1
Kd,2
picada,1
vala,1
comum,2
QUADRILHÃOmdb,1
Cacofonia,1
retuitada,1
realmete,1
eleva,1
gostando,1
interagindo,1
Kkkkkkkk,2
Piadista,1
mor,1
acomlanho,1
convence,2
repetem,1
mocinhos,1
talento,1
navegar,1
afogado,1
Flw,1
caríssimo,1
exercia,1
contrariado,1
princípios,2
cheira,1
Odebrecht,2
terminar,1
pare,1
perseguir,1
Lisergio,1
distributiva,1
espírito,1
conseguirá,1
Rua,2
chacota,1
receio,2
faltar,1
empuxo,1
simpatiza,1
culpados,1
Enviado,1
Onofre,1
23h,1
Bahia,1
Colbert,1
Martins,1
Genebaldo,1
tratam,1
Santana,1
MC,1
Eltin,1
Ganjamen,1
ChamaoMeileirellesPraQueimarUnzinho,1
atrasado,1
liga,1
usuários,1
ande,1
Anhangabaú,1
praça,1
correio,1
bento,1
Maconhodromo,1
cobranças,2
coordenação,1
provocaram,1
reações,1
Diário,1
rentismo,1
prosperará,1
batem,1
definitivamente,1
fundidos,1
incentivou,1
prometeu,1
anistiar,1
profissionais,1
detalhamento,1
buscar,1
aprovação,1
pede,3
oeste,2
tributação,1
praga,1
tocou,1
objetiva,1
distanciamento,1
diferencial,1
conjuntura,2
passeando,1
costurando,1
tenebrosas,1
CAPITÃO'',1
verdadeiramente,1
velharada,2
vestir,1
pijama,1
inovação,1
jargão,1
conservador,2
costumes',1
advoga,1
ingerência,1
estatal,2
cotidiana,1
Deixei,1
cogitar,1
aprova,3
case,1
expectativas,1
concessões,2
idem,2
rolar,1
decepcionantes,1
acreditando,1
levando,1
corintiano,1
torce,1
Neymar,1
comando,4
reduza,1
rédeas,1
salvadores,2
patria,1
acordabrasil,2
brasilxbelgica,1
2019comecaHoje,1
VaiBrasil,1
PEC,1
coíbe,1
agigantamento,1
previsibilidade,1
agentes,1
impõe,1
pretensões,1
acertaram,1
gostamos,1
amadorismos,1
mortadeleiro,1
delegar,1
Ipiranga,1
Uê,1
Bozzo,20
Tirica,1
Monica,1
OCUPAR,1
mortadelas,1
Luladrão,7
coxinha,1
conivência,1
corruptores,1
MST,3
invadir,1
account,1
bozonetes,1
cognitivos,1
Falow,1
linguagem,1
capilaridade,1
língua,2
estória,1
cangote,1
corrupt,1
zzzzzzzz,1
Compra,3
imóvel,1
empreiteira,1
devolveu,1
otário,1
engolir,3
imóveis,1
reformado,1
Felipe,3
denuncie,1
ONU,2
Papa,2
aproveite,1
terço,1
pinta,1
block,10
julgar,2
Isentão,4
nojinho,1
mendigar,1
comprou,1
Rsrsrsss,1
durou,1
Canabrava,1
Alkimimi,2
meda,1
mala,1
descobri,1
seguia,1
silenciando,1
atraindo,1
chucro,1
Inté,1
impichimente,1
tranquilo,1
quão,1
adulto,3
denunciando,2
estrelas,1
influencia,3
habilitado,1
ouvido,4
usou,1
escroto,1
categoria,2
denunciarem,1
Edgard,1
bolsonáticos,1
Massaranduba,1
CRECI,1
8k,1
quadrado,1
Face,1
gangue,2
critique,1
embuste,3
Malta,1
canoa,1
furada,2
calcinha,2
genitora,1
cérebro,2
escrevem,1
hilário,1
exponha,1
acreditam,2
possam,2
machão,1
calado,1
atesto,1
puxador,1
Agremiação,1
cabeça,1
macho,2
virou,4
largando,1
prefeitura,1
Kkklkk,2
ofendidinha,1
haha,1
reconhecendo,1
bunda,1
binário,1
beijamos,1
obrigatoriamente,1
petralhas,1
VSF,1
chucrão,1
bundao,1
pariu,1
Hahahahahahahahahaha,1
armário,1
dorme,1
pila,1
autoritário,1
preconceituoso,2
Bolsobosta,2
honestao,3
almoço,1
Falaí,1
ruela,1
apitou,1
propina,3
inútil,1
propalada,1
decorre,1
tido,1
recusou,1
Hummmmmmmmmmmmmmm,1
DATAFALHA,1
Xuxu,3
carapuça,1
legitimamente,1
irônico,1
criticando,1
testado,1
parlamento,1
picaretas,1
deixo,1
ops,2
longa,2
nãos,1
presa,1
barba,1
relaciona,1
sexo,1
educa,1
músicas,1
ompais,1
preocupações,1
militar,7
amor,3
Bozzonaro,1
medroso,1
máxima,1
Ahahahahah,1
Jean,2
bicha,1
amam,1
Hahahha,1
traduzir,1
Baixou,1
galerinha,1
Pr'quele,1
admitir,1
mamata,1
permitida,1
Target,1
ahh,1
cheque,1
Ahahahaha,1
isentao,1
estranho,6
bolsomions,1
Mira,1
Rodrigues,1
mencionei,1
criado,4
zoar,1
divulgado,1
trampa,1
isento,2
horda,1
falo,1
nojo,1
moeda,1
complementam,1
Kkkkkkkkkkkkk,1
Jurassic,1
Park,1
Microbios,1
fazerem,1
indiciado,1
HUMANIDADE,1
porões,1
criando,2
Geraldão,1
capitaneados,1
Isentões,2
fã,2
saíram,1
factóide,1
posicionou,1
radicalmente,1
peladões,1
museus,1
traquejo,1
Outsider,2
sinuca,1
respondo,1
aval,1
democrático,1
ferrou,2
delicado,1
tratado,2
brincadeira,1
retirar,1
funcionalismo,1
desinchar,1
Previdencia,1
Estradas,1
Ferrovias,1
subsidiada,1
conhecemos,1
decorou,1
Leitura,1
Get,1
room,1
honrar,2
camisa,3
GoMei,1
escalar,1
continuamos,2
Bandeira,4
kkkkkkkkkkkkkkkkkkkkkkkkk,1
reeleita,1
recandidatar,1
tomamos,1
kgadas,1
Renova,4
patrocinava,1
postagens,1
idênticos,1
Presidenciaveis2018,1
contrato,2
concessão,1
atrativo,1
favorecerá,1
comercialização,1
temerx,1
mias,1
prepulsio,1
Jura,2
Ditador,2
DemocraciaSempre,2
DitaduraNuncaMais,1
interferência,1
determinada,1
teatro,2
arte,1
censor,1
pagante,1
entrando,1
conversamos,1
incoerência,1
costume,4
decidida,1
canetada,1
governante,3
estabelecimento,1
permite,2
Estaremos,1
voo,1
unica,2
diferenca,1
dependemos,1
neh,1
Liberais,1
tendem,3
sofisticados,1
culmina,1
resume,3
indivíduo,3
coletivo,3
milicos,1
anarquismo,1
excluir,1
carola,1
âmbito,1
danos,1
terceiros,1
conservadorismo,2
essência,1
conquistas,2
consideradas,1
divertido,2
destrui,1
churrasco,1
vegetariano,1
intromete,1
transar,1
cactus,1
injetando,1
fluido,1
freio,1
assuma,1
ônus,1
esfera,1
mitológico,3
oferecer,2
come,1
espernear,1
botar,2
quebrar,1
desgovernado,1
prazer,1
brinquinhos,1
tatuagens,1
cabelo,1
llama,1
Mr,2
cocô,1
mosca,2
SabadoDetremuraSDV,1
remela,1
Leo,3
repressão,1
sorry,1
Entrei,3
retribuir,2
proporcionou,1
ajude,1
depositada,1
TESTA,1
FERRO,1
físicas,1
Coroné,1
Roubouckmin,1
obedecer,1
esquerdopatia,1
Chapeco,1
reunidos,1
trazendo,1
catarinense,1
café,6
DeputadoValdirColatto,1
JuntosPorSC,1
encaro,1
animais,2
urbanos,1
zoonoses,1
interfere,1
Errata,1
difíceis,2
alçandas,1
preocupação,1
isolar,1
morte,1
arma,12
policial,1
incidência,1
Oriente,1
parecem,1
desarmar,1
ache,1
pujante,1
sustentado,1
achismos,1
altíssima,1
permanente,1
prejudicada,1
afetado,1
domésticas,1
depressão,1
curiosas,1
reflexo,1
Obviamente,2
gera,1
violência,2
provavelmente,1
bang,2
permitido,1
imediatismo,1
adiciona,1
comprarar,1
bananas,1
terminando,1
migrar,1
rural,1
urbana,1
isolando,1
item,1
proteger,1
longamente,1
rompantes,1
REVOLUCIONÁRIAS,1
SANTINHA,1
juntar,2
disto,3
cambulha,1
ladainha,1
Niteroi,1
influente,1
forteentrem,1
Thadeu,1
NiteroiRJ,1
Whatsapp21,1
Grandioso,1
prol,1
mencionados,1
trabalharam,1
mansa,1
galho,1
sofrer,1
CHEGADA,1
EuChamoOMeirelles,1
aprovado,4
rendeu,1
fundar,1
administrando,2
seguro,4
recuperando,2
pós,1
lulopetismo,1
bravateando,1
desafiou,1
debater,3
plataforma,1
AMARELOU,3
mencionar,1
negociando,1
investigado,3
desvios,1
Rodoanel,2
visando,1
satélites,1
doutrinado,1
Procurei,2
encontrei,1
fechado,1
grosso,3
levantar,1
contado,1
oguao,1
Alkimin,1
licença,1
expressão,1
utilizada,1
ultimamente,1
nuca,1
inconvenientes,1
séquito,1
inventar,1
amarelada,1
minios,1
DÍGITOS,2
réu,7
delator,1
consta,1
planilhas,1
diretor,1
chamava,1
Pedro,1
Pessoalmente,1
preferiria,1
pessedebista,1
manterem,1
Felizmente,1
chavista,3
perguntei,2
status,1
burrada,1
inflige,1
acaba,2
antecipada,1
denúncia,4
racismo,1
pedida,1
PGR,1
apontada,1
apadrinhada,1
Gilmar,1
Laxante,1
Mendes,1
PECULATO,1
contam,1
excepcionalmente,1
envolver,1
passo,2
Bolduro,1
Bolchav,1
boba,1
lacrada,1
leniência,1
tomada,1
minar,1
totalitarismo,1
antecipar,1
descontrolado,1
Poisé,1
aprovou,1
Terceirização,1
sindical,1
tapado,1
digitais,1
perdas,1
prejuízo,1
aagradece,1
colaboracao,1
candidatasse,1
prefeito,7
atribuição,1
estadual,2
apita,1
bandalheira,1
Curti,1
retwittei,1
rsrsrs,2
franca,2
modéstia,1
Bolchavismo,1
doutrina,1
Áim,2
suporte,1
negociar,1
efetivo,3
importantíssimos,1
medíocre,2
risada,2
tamanha,1
prepotencia,1
Fernandinho,1
cabecear,1
comove,2
corda,1
sósias,1
curtem,1
retuitam,1
letra,1
meramente,1
Acobertar,1
corretor,1
eletrônico,2
abuso,2
vedação,1
pedido,3
antecipado,1
decência,1
acorrentar,1
sentar,1
pretendo,1
cansar,1
alia,1
quadrilheiro,3
Frota,3
antecipação,1
decidido,1
liberaram,1
menção,1
darem,1
entendimentos,1
comento,1
carreta,1
Tks,1
minuto,1
neurônio,2
acender,1
contundente,1
sentirá,1
trinta,2
mantendo,1
antigos,1
admiração,1
Chávez,4
afins,1
encarna,1
conveniência,1
compatibilidade,1
criticá,1
alternância,1
Bolsonaro17,1
gravíssimo,1
acaso,1
obedecendo,1
PUNIDO,1
fumava,1
proíbe,1
dependências,1
desdenhava,1
historico,1
pretendente,1
absurdas,1
epoca,1
reverter,1
SouPériclesSouza,1
congressista,1
alinhado,4
ideológica,3
apregoou,1
encartada,1
régua,1
Determinação,1
denunciar,2
Wyllis,1
arquétipo,1
ego,2
confiando,1
aeroporto,5
endurecimento,1
código,1
flexibilização,1
excludente,1
licitude,1
exercício,1
instruído,1
amadureceu,1
quesito,1
identificação,1
Chavez,5
ouça,1
palhaçada,1
incontrolável,1
fresco,1
incapaz,1
Kkkkkkkkkkkkkkkkkkkkkkkkkkkkkkkkkkkkkkkkkkkkkkkkkkkkkkkkkkkkkkkkkkkkkkkkkkkkkkkkkkkkkkkkkkkkkkkkkkkkkkkkkkkkkkkkkkkkkkkkkkkkkkkkkkkkkkkkkkkkk,1
Boaaaa,1
Enumere,1
úteis,1
frustrados,1
explodir,3
quartéis,1
Guandu,3
passaram,2
Continuou,1
babam,1
quantidade,2
palavrões,1
encerramento,1
enlouquecidos,1
Aff,1
representar,2
militares,4
Celso,1
Alckminn,2
kkkkkkkkkkkkkkkk,1
Pezão,1
Cia,1
sinal,1
Comunismo,2
Hugo,5
Engulam,1
administra,1
criou,2
Uhulllllllll,1
pudesse,1
boicotou,1
noia,1
decepção,1
alavancou,1
multifacetada,1
Eita,2
meritíssimo,1
desisti,1
percebi,1
ostentava,1
virtude,1
convencido,2
nanica,1
diminuta,1
Robozinho,2
inflando,1
artificialmente,1
line,1
dirigir,1
pontuado,1
policiais,1
dependem,1
emenda,3
parlamentar,3
Waldemar,1
topar,1
ceder,1
assédio,1
fãnzoca,1
Chaves,3
Genoíno,2
uísque,1
mora,1
piscina,1
Ehhh,1
duvida,1
encomoda,1
qt,2
Procupem,1
difamando,1
adversário,8
comentado,1
popualridade,1
Ain,1
hipocrisia,2
plenário,1
Ahhhh,1
Saguão,1
dimensão,1
sustentar,1
privilegiam,1
compõem,1
Estao,1
fadados,1
pimentão,1
verde,1
oliva,1
tragédia,2
desgoverno,1
coberto,1
iniquidades,1
regada,1
recorrentes,1
degradação,1
Maluf,6
Ahahahahaha,1
pág,1
link,2
publicamente,2
confessou,1
tortura,2
misturar,1
minimizar,1
intensão,1
elogios,1
moda,1
Companheiros,1
fralda,1
geriátrica,1
conheceu,1
esposa,1
Michelle,1
Reinaldo,1
secretária,1
despachou,1
promovida,1
triplicou,1
Wikipédia,2
Virgínia,2
kkkkkkkkkkkkkkkkkk,1
escrito,1
cavaleiro,1
templário,3
lutando,1
montado,1
enxerga,1
teclam,1
cavalinho,3
baseado,1
cartilha,1
religiosa,1
Feliciano,1
puritanismo,1
pregações,1
comunas,1
globalistas,1
chipados,1
besta,1
combatidos,1
mamar,2
vaquejada,1
Tribunal,1
ponta,2
lápis,1
cronologia,1
estatística,4
geografia,1
biologia,1
enganando,1
praticou,2
zoofilia,1
enaltecendo,1
Ahahahahahahaha,2
confessa,2
Bizarro,1
acusações,1
religião,1
Gato,3
quisesse,1
expor,1
batizado,1
Jordão,1
pastor,1
Everaldo,1
tupiniquinismo,1
intelectual,1
teclado,1
Sobrou,1
astrólogo,1
Jesus,1
visualizo,1
confirmar,2
inauguração,1
prestação,1
discutindo,2
preocupe,1
encontrar,2
covarde,1
marquei,4
saibam,1
tomem,1
devidas,1
providências,1
cuma,1
inaugurações,1
interior,1
postado,1
acusou,2
botou,1
Moralista,1
goela,1
chamam,1
alcance,1
aqueduto,1
estranha,1
chorona,1
bater,1
aguentar,1
bordoada,2
sumiu,1
renegar,1
registrado,1
croqui,2
causando,1
bozo666,2
Nutella,1
repugnante,1
aura,1
Converse,1
adutora,1
apanhando,1
apresentador,1
bandinha,1
pop,1
mezanino,1
Misericórdia,1
interessados,1
perderiam,1
votava,1
Paulista,2
viraram,1
anjos,1
queriam,1
passasse,1
pequeno,2
cúpula,1
tirada,1
convidado,1
arquivo,1
ultra,2
Conservadores,1
revolucionários,1
criancinha,1
feto,1
rssss,1
marxista,1
viagens,1
Teoria,1
paro,1
refiro,1
tuite,1
vesgo,1
parente,1
Cerveró,1
assinou,2
representando,1
contando,1
Regime,1
Militarista,1
natural,1
adotou,1
pacto,1
ASSINADINHO,1
lixando,2
esperta,1
microfone,1
cômico,1
antagônicos,1
visões,1
antagônicas,1
humm,1
adolescência,1
refere,1
cachola,1
apresente,1
mandado,1
criam,1
monitorando,1
lançou,1
causar,1
apagou,1
Vixe,1
rateado,1
toque,1
Burrominion,3
jumento,3
escrever,1
Discute,1
estruturada,1
criada,1
piorar,1
proximidade,1
faca,1
encher,1
pedaço,1
merendão,1
tocado,1
adiante,1
condição,1
chegarão,1
estreita,1
laços,1
isentosfera,1
pira,1
micheleiro,2
fedelhos,1
afastaram,1
acham,1
baluartes,1
moralidade,2
chamarem,1
chamá,1
apoiará,1
arrependimento,1
paninhos,2
Clóvis,1
Barros,1
sondado,1
azuis,1
ando,1
marcando,1
checarem,1
comprei,1
revenda,1
encaixava,1
devessem,1
medindo,1
recall,1
viveu,1
cerne,1
conduziu,1
indecisos,1
fragmentada,1
favorecem,1
mudam,1
síndrome,1
abstinência,1
pararam,1
Coyote,1
raiva,1
sola,1
peito,1
Bolsonetes,1
plantão,1
Voltei,1
pilar,1
FORUM,2
bastião,1
bolivarianismo,1
fincado,1
escória,1
traidor,1
usurpador,1
escumalha,1
Elizeu,1
desembargadores,1
misturam,1
jugo,1
FDP,1
Forum',1
capim,1
detesta,1
Acuma,1
liderando,1
folga,1
torcida,2
ingênua,1
desonesto,2
intencionalmente,1
Surfam,1
transformá,1
verdadeira,1
alinhadas,1
Inter,2
americano,4
merreca,1
Roseane,1
aproximam,1
surpreso,1
tecendo,1
considerações,1
acurados,1
loja,1
roupas,1
Bolivariano,4
nº,1
América,1
Latina,1
pedia,1
combustível,1
enganosa,1
adequado,1
Camarilha,1
escusa,1
contradições,1
Reuni,1
perspectivas,1
caminhos,1
óculos,1
filtro,1
comprometido,2
resgatar,1
ganhará,1
semelhante,2
pesquisado,1
revelado,1
responderia,1
American,1
Dialogue,1
implantar,1
binária,1
programada,1
Afffffff,1
aprendiz,1
punho,1
Bolsominiom,1
tesão,1
teta,1
Kkkkkkklkkl,1
Bostonauro,1
estatista,1
glorificando,1
subitamente,1
desviada,1
governamental,1
coro,1
caboclo,1
abri,1
comparo,1
lacro,1
pano,3
Entramos,1
vadios,1
displicentes,1
relapsos,1
compare,1
corredores,1
consciente,1
posezinha,1
fuzil,1
gritando,1
vinha,1
alinhando,1
barco,1
pulou,1
El,2
festa,1
Repare,1
basicamente,1
gerador,1
blablabla,1
sofrido,1
doutrinação,1
lobotomizados,1
António,1
elogiar,1
privatização,1
cachaça,5
caipirinha,1
braço,1
artesanal,1
símbolo,3
aguardentes,1
consumisse,1
cerveja,2
algoritmo,1
desfavorece,1
perguntando,1
fraudulentas,1
Fuck,1
logic,1
Xeroque,1
Roumes,1
3º,1
Segredo,1
nego,1
batuta,1
instrucionais,1
LRF,1
Tripé,1
Macroeconômico,1
pergunte,2
privatizações,3
ideologicamente,1
íntegro,3
fiel,2
Rsssss,1
justifica,1
ganhei,1
Dali,1
vitimismo,1
AL,2
impactante,1
hiperinflação,2
municipal,1
impresso,1
disporia,1
acervo,1
iniciaram,1
MIAMI,1
proibição,1
atuarem,1
solo,1
instalaram,1
adquiriu,1
compunham,1
vagabundo,1
pilantra,1
atua,2
confiáveis,1
esqueça,1
consome,1
litros,3
constrói,1
Universo,1
sacanagem,1
carinho,1
guardar,1
Guarde,1
iluminismo,1
embalado,1
florescente,1
exportação,1
facilmente,1
oportunamente,1
alinhou,1
gostava,1
Irapuan,1
enciclopédia,1
ambulante,1
ditadura,1
Never,1
forget,1
identifica,1
AMAZÔNIA,2
Hiena,2
vizinha,1
ecossistema,1
ornitorrinco,1
falsos,1
consumo,2
per,1
capita,1
priori,1
Vixi,1
programado,1
negar,1
probleminha,1
consideração,1
cafeína,3
doces,1
embasar,1
construção,1
selecionados,1
tornasse,1
apresentados,1
crescem,1
mancha,1
pertencido,1
Supertrunfo,1
lembraria,1
assolam,1
citado,2
estude,1
álcool,1
mundistas,1
agendar,1
domingo,1
pífios,1
aberração,1
proporcional,1
premiar,1
vide,1
dispôs,1
mandou,1
compulsoriamente,1
Fidel,1
Alfredo,1
Stroesner,1
esqueci,1
fixação,2
chupar,1
trauma,1
fiquemos,1
dia',1
padaria,1
espanto,1
carinhosa,1
vasto,1
vocabulário,1
responderam,1
plural,1
haveria,1
estoque,1
produto,1
Noivo,2
Namorando,2
almoça,1
recomendar,1
hobby,1
Davson,1
Domingão,1
macarronada,1
mama,1
maluca,1
projeção,1
psicologia,1
infalível,1
toba,1
continuaremos,1
merendeiro,2
trensaleiro,1
mafioso,1
Terrível,1
coligando,1
mensaleiro,1
Fábio,1
puro,1
General,1
Mourão,1
jurássico,1
doações,1
ilegais,1
lote,1
delatores',1
maniqueísta,1
prepare,1
expandir,1
chovendo,1
treinamento,1
datena,1
dória,1
presidenciaveis,2
soltura,1
Lula'rapio,1
Favreto,1
discursa,1
Gentili,1
fodeu,1
saudade,3
Telebras,1
orelhão,1
Aproveitem,1
cobrem,1
pronunciamento,1
imediato,1
obediencia,1
coerencia,1
autoridade,1
aplicacao,1
champs,1
plantonista,8
manifestou,1
TRF4,1
beep,1
ordens,1
assobio,1
bonita,1
inverte,1
incluiu,1
listagem,1
praticamente,1
dito,1
preguiça,1
asneiras,1
recurso,3
manutenção,1
roubabilidade,1
vovô,1
Equivocado,1
desonestidade,1
trouxa,3
FILHODAPUTA,1
viramos,1
OpinioesDireitas,1
consideradores,1
socializar,1
pobreza,1
6ª,1
ruins,1
atribuir,1
atribuições,1
eletivo,1
coordena,1
preside,1
equivocou,1
nela,1
justiça,1
manifestar,1
passivo,1
avançados,1
estagnar,1
lavado,1
impoluto,1
goianiense,1
atuar,3
privou,1
verborrágico,1
jument'a,1
president'a,1
Principales,1
han,1
pronunciado,1
hasta,1
ahora,1
hicieron,1
medio,1
Alexandre,1
desesperado,1
natimorta,1
eleicoes2018,1
nomear,1
Pane,1
desconfigurou,1
Exato,2
BOLSOMILITANTE,2
honesto',1
favorecido,2
abandonado,1
orçamento,2
propôs,1
prisão,1
ÉNotícia,1
diferentão,1
oposto,1
Olimpíadas,1
gigantescos,1
mazelas,1
considerasse,1
benefício,6
exporta,1
criminalidade,1
demonstrando,1
botando,1
fé,1
Lewandovski,1
FUX,1
cariocas,1
misturando,1
incluir,1
mistura,1
ironia,1
Cavalera,1
discussão,1
falávamos,1
dilmista,1
Cristal,1
perpetuação,1
Esquerdistão,1
Latino,1
muuuito,1
Turquia,1
Saara,1
MeToo,1
Valew,1
candidato MDB,21
receberá recursos,2
ex ministro,35
ministro Fazenda,24
Fazenda Henrique,9
Henrique Meirelles,473
MDB decidiu,4
imagem Lula,6
tenta descontrair,2
descontrair dança,2
dança forró,2
forró Piauí,2
dinheiro público,5
vídeo campanha,7
Meirelles Eleito,24
Eleito liberar,25
liberar uso,24
uso maconha,23
maconha ISTOÉ,13
ISTOÉ Independente,13
redes sociais,6
velha política,6
Estagnado pesquisas,3
intenção voto,8
presidente banco,6
Banco Central,14
ex governador,5
comeu pastel,2
Paulo Skaf,6
pré candidato,85
surpresa ruim,12
Bora ChamaOMeirelles,23
devo satisfação,2
Brasil tamanho,7
tamanho sonhos,7
Gostei vídeo,9
Jovem Pan,5
Pan sabatina,3
votar nele,7
candidato Presidência,36
Presidência República,42
Geraldo Alckmin,20
Reforma Trabalhista,5
servir país,6
Sincerão Trago,2
Trago verdades,3
gt gt,17
Renan Calheiros,4
Romero Jucá,7
Jader Barbalho,2
Flavio Rocha,2
Ciro Gomes,29
governo Lula,12
fundo eleitoral,4
Marina Silva,14
Fique vontade,3
partidos envolvidos,4
envolvidos Corrupção,4
bancar campanha,4
ficha limpa,6
melhor candidato,11
convenção MDB,4
legado lulista,3
República Henrique,18
lulista alavancar,2
política brasileira,7
governo Temer,12
Brazil finance,2
finance minister,3
Meirelles decide,8
decide enfatizar,8
enfatizar associação,8
associação Lula,8
Imposto Renda,4
ChamaOMeirelles surpresa,10
OPORTUNISMO LIBRAS,5
LIBRAS via,4
Alckmin sugere,3
ministro Henrique,14
candidatura presidência,7
fazendo escola,3
esquerda perdida,3
saúde educação,5
presidente República,8
entende economia,4
Aldo Rebelo,4
Marconi Perillo,3
Bolsonaro Ciro,13
paraíso fiscal,4
renúncias fiscais,2
picolé chuchu,4
capacidade comprovada,3
governador Goiás,3
Goiás coordenador,3
Meirelles vice,12
Rodrigo Maia,10
Álvaro Dias,20
Meirelles MDB,22
mercado financeiro,5
andanças Nordeste,2
lulista MDB,6
pretende decolar,3
decolar ligando,3
ligando imagem,3
gastando milhões,3
enviou reportagem,2
reportagem Poder360,2
Poder360 cópia,2
cópia declaração,2
Renda provando,2
provando offshore,2
offshore devidamente,2
devidamente registrada,2
associar imagem,2
ocorreu palestra,2
liberar maconha,6
maconha aborto,3
mostrou coragem,3
Michel Temer,8
prefeitos vereadores,2
processo lento,2
lento burocrático,2
Brasil precisa,11
ti ti,2
Plano Real,6
Paulo Guedes,7
torná lo,3
lava jato,8
enxugar máquina,5
máquina pública,5
indústria brasileira,3
Jair Bolsonaro,22
Bolsonaro PSL,7
Silva Rede,5
Gomes PDT,6
carga tributária,6
Pensei nisso,2
organização Global,2
serviço público,5
teto gastos,9
intenções voto,12
Retweeted Carlos,4
reforma previdência,6
pesquisas eleitorais,4
ex presidente,12
Nelson Jobim,2
aumentar imposto,7
Rio Janeiro,4
Bolívia Jamaica,2
faça live,2
live mostrando,2
filhos netos,3
netos fumam,2
estudos científicos,2
científicos aceito,2
governo federal,5
Meirelles muda,17
muda tática,17
referindo estratégia,2
campanha presidencial,5
registra Estadão,2
armado espalhado,2
ruralistas junho,2
Votaria nele,4
preocupado comunicação,3
Alvaro Dias,5
Dias Podemos,4
recessão história,3
governo Dilma,6
dívida Descontrole,2
Descontrole inflação,2
Excesso intervenção,2
cabo eleitoral,3
PT PSDB,6
João Amoêdo,5
Flávio Rocha,9
tática cola,14
cola Lula,10
funcionários públicos,3
abro mão,2
pedir voto,3
últimos dias,3
Luciano Huck,2
pessoa certa,4
João Amoedo,11
Moreira Franco,7
meia dúzia,2
viver sombra,2
Adicionei vídeo,4
vídeo playlist,4
mamando tetas,2
lucrou milhões,7
milhões consultoria,6
consultoria empresas,6
empresas consultoria,6
consultoria máquina,6
máquina dúvidas,6
dúvidas gastos,4
gastos verdadeiros,4
verdadeiros serviços,4
serviços justificados,4
justificados política,4
Encontro MDB,5
fake news,15
alguma chance,4
vida pública,5
maioridade penal,2
inimigo preferido,3
Bolsonaro atacado,4
atacado Alckmin,4
deputado federal,6
Fórum Entidades,6
Entidades Empresariais,6
maturidade escolher,2
ouvir escondendo,2
escondendo realidade,2
Manuela Boulos,3
Manuela D'Ávila,3
PMDB lucrou,3
candidatura Henrique,12
Feijão feijão,2
racista homofóbico,2
sinta aplaudido,2
fazendo campanha,8
ataca Jair,6
índices rejeição,2
solução Brasil,6
atingido escândalo,2
louca manter,2
ovo boca,6
boca falar,4
Cristina Serra,2
Serra analisa,8
analisa candidatura,8
Meirelles correntes,8
correntes MDB,8
lança vídeo,3
admite financiar,3
financiar integralmente,3
integralmente campanha,3
vídeo Serra,6
pensem nisso,4
idade mínima,3
Guilherme Boulos,4
reconstruir modernizar,2
cara pau,4
rápida visibilidade,2
Jair acostumando,3
tirar ovo,4
pronunciou posicao,2
posicao decisoes,2
soltar dirceu,2
Marxismo Cultural,2
Esquerda Valer,4
Agricultura Familiar,2
Taxa lucro,2
candidata senado,2
Segurança Pública,5
desembolsar milhões,3
Roda Viva,7
Joaquim Levy,4
excelente notícia,3
Monetário define,3
define meta,3
meta inflação,3
PSDB Alckmin,8
contratou fonoaudióloga,3
fonoaudióloga melhorar,4
melhorar fala,4
greve caminhoneiros,2
região Norte,2
liberdade individual,2
Joesley Batista,3
marqueteiro ascensão,5
ascensão Henrique,5
desembarca João,3
Pessoa CG,3
CG semana,3
tique tique,2
tique tontos,2
verificamos declarações,2
prefiro votar,4
voto útil,4
Levy Marcos,2
Marcos Lisboa,2
Lisboa Afonso,2
Afonso Beviláqua,2
Beviláqua Murilo,2
Murilo Portugal,2
Portugal irresponsáveis,2
porte armas,5
PropostasDaIndústria Eleições2018,10
Dida Sampaio,2
Sampaio Estadão,2
vitória consagradora,3
consagradora convenção,3
Meirelles levar,12
levar votos,12
votos Lula,14
diálogospresidenciaveis ignora,2
ignora Elite,2
eutanásia meteu,2
meteu abraçar,2
Baixa produtividade,2
urnas eletrônicas,4
programa econômico,4
criação incentivo,2
José Márcio,4
Márcio Camargo,4
Inscreva MyNews,2
Connection Japan,2
reunião Fórum,3
executivo legislativo,2
Empresariais Pará,3
Albano Franco,2
bilhões dolares,2
livre mercado,5
confunda coisas,2
pró mercado,3
Santa Catarina,2
Franco cobrou,2
LEI_13454 Vigilância,2
Vigilância sanitária,2
sanitária responsabilidade,2
proteção promoção,2
ADI5779 ação,2
ação direta,2
direta inconstitucionalidade,2
Valdemar Costa,3
Costa Neto,4
gerados pai,2
Burrominions jumentos,4
aprenderam computador,2
blá blá,5
verba pública,3
conservador costumes,4
Leitura Dinâmica,2
lutar cabeça,2
cabeça erguida,2
restringir liberdade,2
procuração carola,2
verborragia púlpito,2
cocô cavalo,2
Mauro Mariani,2
maria Carmo,2
rico seguro,3
roubo merenda,2
merenda escolar,2
apologia estupro,2
campanha antecipada,5
Maria Rosário,2
vice PSDB,8
pedido explícito,2
bla bla,2
votou Lula,6
Sérgio Cabral,2
Leonardo DiCaprio,2
DiCaprio DEMOCRATA,2
auxílio moradia,2
decidiu repassar,2
repassar recursos,2
1º turno,4
Foro SP,4
cavaleiro templário,3
evangélico católico,3
acusando Alckimin,2
Gatos discutem,2
discutem religião,2
BUSCA intensa,2
ligação PCC,3
bloqueou mundo,3
ficou preocupado,3
dado print,3
Teoria Conspiração,2
apagou conta,3
mavs petralhas,2
alinhamento ideológico,3
george soros,2
tdos inserido,4
inserido contexto,4
contexto defeitos,4
defeitos cenário,4
cenário unico,4
unico condições,4
condições competitivas,4
competitivas levar,4
levar cabo,4
cabo anceios,4
anceios nação,4
nação livrar,4
livrar esquerdas,4
esquerdas tantos,4
governo levaram,4
levaram país,4
país baderna,4
baderna institucional,4
domicílio eleitoral,3
Magno Malta,2
obsessão coo,2
coo alheio,2
entrando cano,2
